DateCodePK,Date_YYYYMMDD,Year,Month,Season
1,20210402,2021,202104,Spring
2,20200306,2020,202003,Spring
3,20210219,2021,202102,Winter
4,20190308,2019,201903,Spring
5,20200529,2020,202005,Spring
6,20200521,2020,202005,Spring
7,20200417,2020,202004,Spring
8,20230208,2023,202302,Winter
9,20220603,2022,202206,Summer
10,20190607,2019,201906,Summer
11,20190207,2019,201902,Winter
12,20190416,2019,201904,Spring
13,20200313,2020,202003,Spring
14,20190920,2019,201909,Autumn
15,20190114,2019,201901,Winter
16,20250516,2025,202505,Spring
17,20180615,2018,201806,Summer
18,20190710,2019,201907,Summer
19,20200117,2020,202001,Winter
20,20201002,2020,202010,Autumn
21,20230519,2023,202305,Spring
22,20191230,2019,201912,Winter
23,20240621,2024,202406,Summer
24,20201225,2020,202012,Winter
25,20221104,2022,202211,Autumn
26,20190813,2019,201908,Summer
27,20200407,2020,202004,Spring
28,20240301,2024,202403,Spring
29,20181220,2018,201812,Winter
30,20181205,2018,201812,Winter
31,20181112,2018,201811,Autumn
32,20200124,2020,202001,Winter
33,20200610,2020,202006,Summer
34,20151117,2015,201511,Autumn
35,20150907,2015,201509,Autumn
36,20250502,2025,202505,Spring
37,20151126,2015,201511,Autumn
38,20151122,2015,201511,Autumn
39,20151102,2015,201511,Autumn
40,20160127,2016,201601,Winter
41,20250522,2025,202505,Spring
42,20151129,2015,201511,Autumn
43,20250505,2025,202505,Spring
44,20181211,2018,201812,Winter
45,20180306,2018,201803,Spring
46,20190524,2019,201905,Spring
47,20210528,2021,202105,Spring
48,20161024,2016,201610,Autumn
49,20190213,2019,201902,Winter
50,20180214,2018,201802,Winter
51,20211022,2021,202110,Autumn
52,20171013,2017,201710,Autumn
53,20240510,2024,202405,Spring
54,20191002,2019,201910,Autumn
55,20180607,2018,201806,Summer
56,20180622,2018,201806,Summer
57,20180423,2018,201804,Spring
58,20170313,2017,201703,Spring
59,20190110,2019,201901,Winter
60,20210430,2021,202104,Spring
61,20201112,2020,202011,Autumn
62,20191213,2019,201912,Winter
63,20200724,2020,202007,Summer
64,20240614,2024,202406,Summer
65,20210910,2021,202109,Autumn
66,20220624,2022,202206,Summer
67,20200315,2020,202003,Spring
68,20240223,2024,202402,Winter
69,20200624,2020,202006,Summer
70,20151113,2015,201511,Autumn
71,20191202,2019,201912,Winter
72,20250207,2025,202502,Winter
73,20240405,2024,202404,Spring
74,20200507,2020,202005,Spring
75,20250404,2025,202504,Spring
76,20230728,2023,202307,Summer
77,20241018,2024,202410,Autumn
78,20170910,2017,201709,Autumn
79,20250509,2025,202505,Spring
80,20240306,2024,202403,Spring
81,20190319,2019,201903,Spring
82,20200716,2020,202007,Summer
83,20230929,2023,202309,Autumn
84,20230512,2023,202305,Spring
85,20180426,2018,201804,Spring
86,20191011,2019,201910,Autumn
87,20210514,2021,202105,Spring
88,20210422,2021,202104,Spring
89,20240207,2024,202402,Winter
90,20191129,2019,201911,Autumn
91,20180308,2018,201803,Spring
92,20250530,2025,202505,Spring
93,20240216,2024,202402,Winter
94,20171014,2017,201710,Autumn
95,20181008,2018,201810,Autumn
96,20210419,2021,202104,Spring
97,20210901,2021,202109,Autumn
98,20190117,2019,201901,Winter
99,20220304,2022,202203,Spring
100,20241016,2024,202410,Autumn
101,20220325,2022,202203,Spring
102,20220131,2022,202201,Winter
103,20230224,2023,202302,Winter
104,20220610,2022,202206,Summer
105,20221128,2022,202211,Autumn
106,20191120,2019,201911,Autumn
107,20190619,2019,201906,Summer
108,20170918,2017,201709,Autumn
109,20200519,2020,202005,Spring
110,20200314,2020,202003,Spring
111,20221007,2022,202210,Autumn
112,20160809,2016,201608,Summer
113,20210401,2021,202104,Spring
114,20220727,2022,202207,Summer
115,20160916,2016,201609,Autumn
116,20190429,2019,201904,Spring
117,20170814,2017,201708,Summer
118,20160205,2016,201602,Winter
119,20190410,2019,201904,Spring
120,20211225,2021,202112,Winter
121,20220407,2022,202204,Spring
122,20190323,2019,201903,Spring
123,20191108,2019,201911,Autumn
124,20181130,2018,201811,Autumn
125,20191115,2019,201911,Autumn
126,20200731,2020,202007,Summer
127,20190503,2019,201905,Spring
128,20180608,2018,201806,Summer
129,20180209,2018,201802,Winter
130,20170926,2017,201709,Autumn
131,20220715,2022,202207,Summer
132,20220930,2022,202209,Autumn
133,20241213,2024,202412,Winter
134,20230317,2023,202303,Spring
135,20180517,2018,201805,Spring
136,20220923,2022,202209,Autumn
137,20171015,2017,201710,Autumn
138,20200423,2020,202004,Spring
139,20231215,2023,202312,Winter
140,20200320,2020,202003,Spring
141,20230907,2023,202309,Autumn
142,20191207,2019,201912,Winter
143,20200908,2020,202009,Autumn
144,20231031,2023,202310,Autumn
145,20210404,2021,202104,Spring
146,20230703,2023,202307,Summer
147,20180410,2018,201804,Spring
148,20161224,2016,201612,Winter
149,20181031,2018,201810,Autumn
150,20201031,2020,202010,Autumn
151,20190711,2019,201907,Summer
152,20201003,2020,202010,Autumn
153,20180401,2018,201804,Spring
154,20200919,2020,202009,Autumn
155,20231117,2023,202311,Autumn
156,20161117,2016,201611,Autumn
157,20210218,2021,202102,Winter
158,20240906,2024,202409,Autumn
159,20190530,2019,201905,Spring
160,20210109,2021,202101,Winter
161,20161213,2016,201612,Winter
162,20150725,2015,201507,Summer
163,20180411,2018,201804,Spring
164,20180722,2018,201807,Summer
165,20230113,2023,202301,Winter
166,20201126,2020,202011,Autumn
167,20200916,2020,202009,Autumn
168,20201109,2020,202011,Autumn
169,20170502,2017,201705,Spring
170,20171031,2017,201710,Autumn
171,20170123,2017,201701,Winter
172,20201022,2020,202010,Autumn
173,20160902,2016,201609,Autumn
174,20220408,2022,202204,Spring
175,20201021,2020,202010,Autumn
176,20240326,2024,202403,Spring
177,20170311,2017,201703,Spring
178,20220524,2022,202205,Spring
179,20231104,2023,202311,Autumn
180,20250523,2025,202505,Spring
181,20180614,2018,201806,Summer
182,20250410,2025,202504,Spring
183,20221130,2022,202211,Autumn
184,20230901,2023,202309,Autumn
185,20230505,2023,202305,Spring
186,20240705,2024,202407,Summer
187,20220909,2022,202209,Autumn
188,20220905,2022,202209,Autumn
189,20240920,2024,202409,Autumn
190,20190301,2019,201903,Spring
191,20240227,2024,202402,Winter
192,20170407,2017,201704,Spring
193,20200717,2020,202007,Summer
194,20190927,2019,201909,Autumn
195,20240913,2024,202409,Autumn
196,20191004,2019,201910,Autumn
197,20170404,2017,201704,Spring
198,20170414,2017,201704,Spring
199,20190221,2019,201902,Winter
200,20180713,2018,201807,Summer
201,20161212,2016,201612,Winter
202,20220309,2022,202203,Spring
203,20171020,2017,201710,Autumn
204,20200701,2020,202007,Summer
205,20170227,2017,201702,Winter
206,20190212,2019,201902,Winter
207,20160816,2016,201608,Summer
208,20180321,2018,201803,Spring
209,20241127,2024,202411,Autumn
210,20230331,2023,202303,Spring
211,20221216,2022,202212,Winter
212,20170130,2017,201701,Winter
213,20141229,2014,201412,Winter
214,20170808,2017,201708,Summer
215,20161205,2016,201612,Winter
216,20160725,2016,201607,Summer
217,20161230,2016,201612,Winter
218,20220527,2022,202205,Spring
219,20170216,2017,201702,Winter
220,20220906,2022,202209,Autumn
221,20230417,2023,202304,Spring
222,20200421,2020,202004,Spring
223,20211019,2021,202110,Autumn
224,20220505,2022,202205,Spring
225,20161125,2016,201611,Autumn
226,20171012,2017,201710,Autumn
227,20191225,2019,201912,Winter
228,20141205,2014,201412,Winter
229,20171218,2017,201712,Winter
230,20201125,2020,202011,Autumn
231,20211231,2021,202112,Winter
232,20120429,2012,201204,Spring
233,20130712,2013,201307,Summer
234,20121105,2012,201211,Autumn
235,20201012,2020,202010,Autumn
236,20121028,2012,201210,Autumn
237,20120617,2012,201206,Summer
238,20170331,2017,201703,Spring
239,20120120,2012,201201,Winter
240,20200328,2020,202003,Spring
241,20200406,2020,202004,Spring
242,20250606,2025,202506,Summer
243,20120827,2012,201208,Summer
244,20121117,2012,201211,Autumn
245,20150119,2015,201501,Winter
246,20170428,2017,201704,Spring
247,20170519,2017,201705,Spring
248,20190614,2019,201906,Summer
249,20200710,2020,202007,Summer
250,20171120,2017,201711,Autumn
251,20180525,2018,201805,Spring
252,20130917,2013,201309,Autumn
253,20170317,2017,201703,Spring
254,20210326,2021,202103,Spring
255,20210226,2021,202102,Winter
256,20230602,2023,202306,Summer
257,20180427,2018,201804,Spring
258,20200702,2020,202007,Summer
259,20190208,2019,201902,Winter
260,20160222,2016,201602,Winter
261,20230504,2023,202305,Spring
262,20201211,2020,202012,Winter
263,20190517,2019,201905,Spring
264,20200430,2020,202004,Spring
265,20230606,2023,202306,Summer
266,20130921,2013,201309,Autumn
267,20150127,2015,201501,Winter
268,20170309,2017,201703,Spring
269,20210512,2021,202105,Spring
270,20240419,2024,202404,Spring
271,20220630,2022,202206,Summer
272,20130513,2013,201305,Spring
273,20231122,2023,202311,Autumn
274,20160303,2016,201603,Spring
275,20250418,2025,202504,Spring
276,20171003,2017,201710,Autumn
277,20161114,2016,201611,Autumn
278,20250411,2025,202504,Spring
279,20190830,2019,201908,Summer
280,20220114,2022,202201,Winter
281,20250529,2025,202505,Spring
282,20181016,2018,201810,Autumn
283,20101012,2010,201010,Autumn
284,20060628,2006,200606,Summer
285,20080809,2008,200808,Summer
286,20040101,2004,200401,Winter
287,20170927,2017,201709,Autumn
288,20080415,2008,200804,Spring
289,20170921,2017,201709,Autumn
290,20110716,2011,201107,Summer
291,20170929,2017,201709,Autumn
292,20200815,2020,202008,Summer
293,20131221,2013,201312,Winter
294,20120619,2012,201206,Summer
295,20150702,2015,201507,Summer
296,20250131,2025,202501,Winter
297,20170526,2017,201705,Spring
298,20120511,2012,201205,Spring
299,20150925,2015,201509,Autumn
300,20161203,2016,201612,Winter
301,20080315,2008,200803,Spring
302,20190809,2019,201908,Summer
303,20240917,2024,202409,Autumn
304,20240517,2024,202405,Spring
305,20230421,2023,202304,Spring
306,20230209,2023,202302,Winter
307,20230714,2023,202307,Summer
308,20250124,2025,202501,Winter
309,20250307,2025,202503,Spring
310,20240125,2024,202401,Winter
311,20231110,2023,202311,Autumn
312,20220216,2022,202202,Winter
313,20240717,2024,202407,Summer
314,20220617,2022,202206,Summer
315,20241011,2024,202410,Autumn
316,20211215,2021,202112,Winter
317,20250328,2025,202503,Spring
318,20170630,2017,201706,Summer
319,20200626,2020,202006,Summer
320,20130604,2013,201306,Summer
321,20210409,2021,202104,Spring
322,20150623,2015,201506,Summer
323,20180914,2018,201809,Autumn
324,20110610,2011,201106,Summer
325,20211210,2021,202112,Winter
326,20151125,2015,201511,Autumn
327,20180907,2018,201809,Autumn
328,20170922,2017,201709,Autumn
329,20170421,2017,201704,Spring
330,20250110,2025,202501,Winter
331,20190605,2019,201906,Summer
332,20200611,2020,202006,Summer
333,20150505,2015,201505,Spring
334,20130423,2013,201304,Spring
335,20201216,2020,202012,Winter
336,20170602,2017,201706,Summer
337,20150526,2015,201505,Spring
338,20190621,2019,201906,Summer
339,20110614,2011,201106,Summer
340,20150616,2015,201506,Summer
341,20210428,2021,202104,Spring
342,20150723,2015,201507,Summer
343,20110520,2011,201105,Spring
344,20181129,2018,201811,Autumn
345,20151127,2015,201511,Autumn
346,20060912,2006,200609,Autumn
347,20130405,2013,201304,Spring
348,20201127,2020,202011,Autumn
349,20180601,2018,201806,Summer
350,20180406,2018,201804,Spring
351,20180216,2018,201802,Winter
352,20091011,2009,200910,Autumn
353,20090101,2009,200901,Winter
354,20181122,2018,201811,Autumn
355,20050411,2005,200504,Spring
356,20130510,2013,201305,Spring
357,20131126,2013,201311,Autumn
358,20190514,2019,201905,Spring
359,20060408,2006,200604,Spring
360,20171215,2017,201712,Winter
361,20250521,2025,202505,Spring
362,20101115,2010,201011,Autumn
363,20151106,2015,201511,Autumn
364,20131030,2013,201310,Autumn
365,20090630,2009,200906,Summer
366,20060527,2006,200605,Spring
367,20060630,2006,200606,Summer
368,20081009,2008,200810,Autumn
369,20061124,2006,200611,Autumn
370,20061117,2006,200611,Autumn
371,20061028,2006,200610,Autumn
372,20040430,2004,200404,Spring
373,20180223,2018,201802,Winter
374,20120320,2012,201203,Spring
375,20060325,2006,200603,Spring
376,20050630,2005,200506,Summer
377,20060101,2006,200601,Winter
378,20060923,2006,200609,Autumn
379,20090408,2009,200904,Spring
380,20060509,2006,200605,Spring
381,20060818,2006,200608,Summer
382,20050101,2005,200501,Winter
383,19990630,1999,199906,Summer
384,20170405,2017,201704,Spring
385,20240226,2024,202402,Winter
386,20131118,2013,201311,Autumn
387,20171112,2017,201711,Autumn
388,20170224,2017,201702,Winter
389,20170324,2017,201703,Spring
390,20180201,2018,201802,Winter
391,20200703,2020,202007,Summer
392,20121126,2012,201211,Autumn
393,20150401,2015,201504,Spring
394,20140609,2014,201406,Summer
395,20201106,2020,202011,Autumn
396,20201023,2020,202010,Autumn
397,20200828,2020,202008,Summer
398,20170908,2017,201709,Autumn
399,20180817,2018,201808,Summer
400,20200911,2020,202009,Autumn
401,20230609,2023,202306,Summer
402,20231027,2023,202310,Autumn
403,20230707,2023,202307,Summer
404,20230407,2023,202304,Spring
405,20230908,2023,202309,Autumn
406,20180511,2018,201805,Spring
407,20231201,2023,202312,Winter
408,20230804,2023,202308,Summer
409,20240816,2024,202408,Summer
410,20241025,2024,202410,Autumn
411,20181024,2018,201810,Autumn
412,20200110,2020,202001,Winter
413,20161209,2016,201612,Winter
414,20201007,2020,202010,Autumn
415,20180413,2018,201804,Spring
416,20170609,2017,201706,Summer
417,20230721,2023,202307,Summer
418,20211203,2021,202112,Winter
419,20230310,2023,202303,Spring
420,20230526,2023,202305,Spring
421,20171018,2017,201710,Autumn
422,20170316,2017,201703,Spring
423,20180420,2018,201804,Spring
424,20160818,2016,201608,Summer
425,20170614,2017,201706,Summer
426,20210108,2021,202101,Winter
427,20170210,2017,201702,Winter
428,20210122,2021,202101,Winter
429,20161124,2016,201611,Autumn
430,20240503,2024,202405,Spring
431,20190620,2019,201906,Summer
432,20161003,2016,201610,Autumn
433,20161201,2016,201612,Winter
434,20241115,2024,202411,Autumn
435,20160513,2016,201605,Spring
436,20231013,2023,202310,Autumn
437,20181123,2018,201811,Autumn
438,20240308,2024,202403,Spring
439,20151218,2015,201512,Winter
440,20160610,2016,201606,Summer
441,20210416,2021,202104,Spring
442,20191122,2019,201911,Autumn
443,20230420,2023,202304,Spring
444,20210618,2021,202106,Summer
445,20250613,2025,202506,Summer
446,20220513,2022,202205,Spring
447,20140214,2014,201402,Winter
448,20130226,2013,201302,Winter
449,20140522,2014,201405,Spring
450,20191014,2019,201910,Autumn
451,20150715,2015,201507,Summer
452,20240719,2024,202407,Summer
453,20170830,2017,201708,Summer
454,20200327,2020,202003,Spring
455,20210119,2021,202101,Winter
456,20160601,2016,201606,Summer
457,20210309,2021,202103,Spring
458,20201202,2020,202012,Winter
459,20200319,2020,202003,Spring
460,20190122,2019,201901,Winter
461,20190412,2019,201904,Spring
462,20180814,2018,201808,Summer
463,20180403,2018,201804,Spring
464,20171129,2017,201711,Autumn
465,20180430,2018,201804,Spring
466,20170906,2017,201709,Autumn
467,20191022,2019,201910,Autumn
468,20231129,2023,202311,Autumn
469,20171206,2017,201712,Winter
470,20170315,2017,201703,Spring
471,20190304,2019,201903,Spring
472,20220722,2022,202207,Summer
473,20220509,2022,202205,Spring
474,20241129,2024,202411,Autumn
475,20170504,2017,201705,Spring
476,20170613,2017,201706,Summer
477,20170710,2017,201707,Summer
478,20170410,2017,201704,Spring
479,20230508,2023,202305,Spring
480,20240426,2024,202404,Spring
481,20170420,2017,201704,Spring
482,20170704,2017,201707,Summer
483,20240619,2024,202406,Summer
484,20240412,2024,202404,Spring
485,20140618,2014,201406,Summer
486,20170529,2017,201705,Spring
487,20160808,2016,201608,Summer
488,20160927,2016,201609,Autumn
489,20171222,2017,201712,Winter
490,20160711,2016,201607,Summer
491,20190603,2019,201906,Summer
492,20171114,2017,201711,Autumn
493,20170101,2017,201701,Winter
494,20180916,2018,201809,Autumn
495,20180921,2018,201809,Autumn
496,20180928,2018,201809,Autumn
497,20180613,2018,201806,Summer
498,20160511,2016,201605,Spring
499,20170110,2017,201701,Winter
500,20190510,2019,201905,Spring
501,20181221,2018,201812,Winter
502,20170501,2017,201705,Spring
503,20180821,2018,201808,Summer
504,20210129,2021,202101,Winter
505,20200508,2020,202005,Spring
506,20170307,2017,201703,Spring
507,20210611,2021,202106,Summer
508,20211015,2021,202110,Autumn
509,20180115,2018,201801,Winter
510,20240112,2024,202401,Winter
511,20250221,2025,202502,Winter
512,20210728,2021,202107,Summer
513,20220701,2022,202207,Summer
514,20240403,2024,202404,Spring
515,20160324,2016,201603,Spring
516,20201117,2020,202011,Autumn
517,20230424,2023,202304,Spring
518,20201124,2020,202011,Autumn
519,20230404,2023,202304,Spring
520,20190206,2019,201902,Winter
521,20220202,2022,202202,Winter
522,20200116,2020,202001,Winter
523,20200515,2020,202005,Spring
524,20210203,2021,202102,Winter
525,20180831,2018,201808,Summer
526,20190222,2019,201902,Winter
527,20210421,2021,202104,Spring
528,20231103,2023,202311,Autumn
529,20160122,2016,201601,Winter
530,20170714,2017,201707,Summer
531,20200408,2020,202004,Spring
532,20201009,2020,202010,Autumn
533,20210306,2021,202103,Spring
534,20240307,2024,202403,Spring
535,20210610,2021,202106,Summer
536,20200413,2020,202004,Spring
537,20210420,2021,202104,Spring
538,20210202,2021,202102,Winter
539,20150327,2015,201503,Spring
540,19990101,1999,199901,Winter
541,20201030,2020,202010,Autumn
542,20020620,2002,200206,Summer
543,20120410,2012,201204,Spring
544,20070126,2007,200701,Winter
545,19980101,1998,199801,Winter
546,20020101,2002,200201,Winter
547,20201029,2020,202010,Autumn
548,,,,Autumn
549,20120319,2012,201203,Spring
550,20161202,2016,201612,Winter
551,20171006,2017,201710,Autumn
552,20211027,2021,202110,Autumn
553,19970101,1997,199701,Winter
554,,,,Autumn
555,20120101,2012,201201,Winter
556,20150414,2015,201504,Spring
557,,,,Autumn
558,20210928,2021,202109,Autumn
559,,,,Autumn
560,20180720,2018,201807,Summer
561,20181005,2018,201810,Autumn
562,20181212,2018,201812,Winter
563,20200522,2020,202005,Spring
564,20190111,2019,201901,Winter
565,20200131,2020,202001,Winter
566,20221223,2022,202212,Winter
567,20210205,2021,202102,Winter
568,20230216,2023,202302,Winter
569,20240126,2024,202401,Winter
570,20240712,2024,202407,Summer
571,20221024,2022,202210,Autumn
572,20220101,2022,202201,Winter
573,20170907,2017,201709,Autumn
574,20140117,2014,201401,Winter
575,20191204,2019,201912,Winter
576,20150428,2015,201504,Spring
577,20170310,2017,201703,Spring
578,20190315,2019,201903,Spring
579,20170303,2017,201703,Spring
580,20160211,2016,201602,Winter
581,20190419,2019,201904,Spring
582,20130503,2013,201305,Spring
583,20100606,2010,201006,Summer
584,20220429,2022,202204,Spring
585,20111219,2011,201112,Winter
586,20140428,2014,201404,Spring
587,20170207,2017,201702,Winter
588,20130528,2013,201305,Spring
589,20150107,2015,201501,Winter
590,20130521,2013,201305,Spring
591,20060429,2006,200604,Spring
592,20150727,2015,201507,Summer
593,20201221,2020,202012,Winter
594,20150101,2015,201501,Winter
595,20130101,2013,201301,Winter
596,20160219,2016,201602,Winter
597,20110101,2011,201101,Winter
598,20130903,2013,201309,Autumn
599,20210521,2021,202105,Spring
600,20150528,2015,201505,Spring
601,20191021,2019,201910,Autumn
602,20060809,2006,200608,Summer
603,20031014,2003,200310,Autumn
604,20250314,2025,202503,Spring
605,20181102,2018,201811,Autumn
606,20210723,2021,202107,Summer
607,20140101,2014,201401,Winter
608,20230511,2023,202305,Spring
609,20220520,2022,202205,Spring
610,20170616,2017,201706,Summer
611,20160930,2016,201609,Autumn
612,20070518,2007,200705,Spring
613,20030423,2003,200304,Spring
614,20101005,2010,201010,Autumn
615,20140909,2014,201409,Autumn
616,20090605,2009,200906,Summer
617,20120605,2012,201206,Summer
618,20060315,2006,200603,Spring
619,20120522,2012,201205,Spring
620,20140730,2014,201407,Summer
621,20100906,2010,201009,Autumn
622,20101003,2010,201010,Autumn
623,20100708,2010,201007,Summer
624,20140602,2014,201406,Summer
625,20120506,2012,201205,Spring
626,20050610,2005,200506,Summer
627,20121122,2012,201211,Autumn
628,20120424,2012,201204,Spring
629,20090505,2009,200905,Spring
630,20070517,2007,200705,Spring
631,20121127,2012,201211,Autumn
632,20040423,2004,200404,Spring
633,20110323,2011,201103,Spring
634,20130724,2013,201307,Summer
635,20110305,2011,201103,Spring
636,20110316,2011,201103,Spring
637,20110309,2011,201103,Spring
638,,,,Autumn
639,19980620,1998,199806,Summer
640,20000101,2000,200001,Winter
641,19980720,1998,199807,Summer
642,19950707,1995,199507,Summer
643,19950117,1995,199501,Winter
644,20190303,2019,201903,Spring
645,20200221,2020,202002,Winter
646,20190802,2019,201908,Summer
647,20040901,2004,200409,Autumn
648,20100727,2010,201007,Summer
649,20150407,2015,201504,Spring
650,20220318,2022,202203,Spring
651,20040827,2004,200408,Summer
652,20140324,2014,201403,Spring
653,20140430,2014,201404,Spring
654,20020210,2002,200202,Winter
655,20100907,2010,201009,Autumn
656,20130205,2013,201302,Winter
657,20060526,2006,200605,Spring
658,20060606,2006,200606,Summer
659,20020201,2002,200202,Winter
660,,,,Winter
661,20171113,2017,201711,Autumn
662,20061201,2006,200612,Winter
663,20071026,2007,200710,Autumn
664,20071109,2007,200711,Autumn
665,20110422,2011,201104,Spring
666,20191025,2019,201910,Autumn
667,20160906,2016,201609,Autumn
668,20160526,2016,201605,Spring
669,,,,Autumn
670,20121212,2012,201212,Winter
671,20220314,2022,202203,Spring
672,20171117,2017,201711,Autumn
673,20090320,2009,200903,Spring
674,20170623,2017,201706,Summer
675,20121030,2012,201210,Autumn
676,20090410,2009,200904,Spring
677,20100720,2010,201007,Summer
678,20160613,2016,201606,Summer
679,20100910,2010,201009,Autumn
680,20130202,2013,201302,Winter
681,20110318,2011,201103,Spring
682,20020203,2002,200202,Winter
683,20080509,2008,200805,Spring
684,20071005,2007,200710,Autumn
685,20241122,2024,202411,Autumn
686,20130329,2013,201303,Spring
687,20110222,2011,201102,Winter
688,20100101,2010,201001,Winter
689,20100504,2010,201005,Spring
690,20130222,2013,201302,Winter
691,20250513,2025,202505,Spring
692,20060616,2006,200606,Summer
693,20171217,2017,201712,Winter
694,20180528,2018,201805,Spring
695,20120629,2012,201206,Summer
696,20060201,2006,200602,Winter
697,20200318,2020,202003,Spring
698,,,,Autumn
699,20040318,2004,200403,Spring
700,20070503,2007,200705,Spring
701,20080217,2008,200802,Winter
702,20060916,2006,200609,Autumn
703,20080901,2008,200809,Autumn
704,20130125,2013,201301,Winter
705,20101224,2010,201012,Winter
706,20200114,2020,202001,Winter
707,20151023,2015,201510,Autumn
708,20111217,2011,201112,Winter
709,20130927,2013,201309,Autumn
710,20211105,2021,202111,Autumn
711,20140217,2014,201402,Winter
712,20130625,2013,201306,Summer
713,20190418,2019,201904,Spring
714,20190329,2019,201903,Spring
715,20140325,2014,201403,Spring
716,20171121,2017,201711,Autumn
717,20200814,2020,202008,Summer
718,20141104,2014,201411,Autumn
719,20150904,2015,201509,Autumn
720,20171009,2017,201710,Autumn
721,20210604,2021,202106,Summer
722,20200603,2020,202006,Summer
723,20160504,2016,201605,Spring
724,20250425,2025,202504,Spring
725,20160304,2016,201603,Spring
726,20210924,2021,202109,Autumn
727,20141015,2014,201410,Autumn
728,20211101,2021,202111,Autumn
729,20160210,2016,201602,Winter
730,20151009,2015,201510,Autumn
731,20250212,2025,202502,Winter
732,20130323,2013,201303,Spring
733,20230928,2023,202309,Autumn
734,20240726,2024,202407,Summer
735,20161128,2016,201611,Autumn
736,20121129,2012,201211,Autumn
737,20120904,2012,201209,Autumn
738,20121120,2012,201211,Autumn
739,20221230,2022,202212,Winter
740,20211127,2021,202111,Autumn
741,20220729,2022,202207,Summer
742,20070101,2007,200701,Winter
743,20090909,2009,200909,Autumn
744,20050127,2005,200501,Winter
745,20140319,2014,201403,Spring
746,20161104,2016,201611,Autumn
747,20080728,2008,200807,Summer
748,20140414,2014,201404,Spring
749,20140408,2014,201404,Spring
750,20160915,2016,201609,Autumn
751,20140422,2014,201404,Spring
752,20120229,2012,201202,Winter
753,20120206,2012,201202,Winter
754,20221202,2022,202212,Winter
755,20191111,2019,201911,Autumn
756,20221111,2022,202211,Autumn
757,20220623,2022,202206,Summer
758,20010523,2001,200105,Spring
759,20011010,2001,200110,Autumn
760,20120129,2012,201201,Winter
761,20010729,2001,200107,Summer
762,20011119,2001,200111,Autumn
763,20010328,2001,200103,Spring
764,20010422,2001,200104,Spring
765,20010101,2001,200101,Winter
766,20050214,2005,200502,Winter
767,20021103,2002,200211,Autumn
768,20010114,2001,200101,Winter
769,20010603,2001,200106,Summer
770,20051019,2005,200510,Autumn
771,20210115,2021,202101,Winter
772,20161225,2016,201612,Winter
773,20070216,2007,200702,Winter
774,20230705,2023,202307,Summer
775,20221125,2022,202211,Autumn
776,20211008,2021,202110,Autumn
777,20120126,2012,201201,Winter
778,20211112,2021,202111,Autumn
779,20071120,2007,200711,Autumn
780,20110416,2011,201104,Spring
781,20011101,2001,200111,Autumn
782,20121109,2012,201211,Autumn
783,20121204,2012,201212,Winter
784,20051217,2005,200512,Winter
785,19980410,1998,199804,Spring
786,20090718,2009,200907,Summer
787,20131105,2013,201311,Autumn
788,20070220,2007,200702,Winter
789,20010516,2001,200105,Spring
790,20051227,2005,200512,Winter
791,20140213,2014,201402,Winter
792,20240607,2024,202406,Summer
793,19980108,1998,199801,Winter
794,20181030,2018,201810,Autumn
795,20051117,2005,200511,Autumn
796,20051211,2005,200512,Winter
797,20120731,2012,201207,Summer
798,20130730,2013,201307,Summer
799,19981101,1998,199811,Autumn
800,20051226,2005,200512,Winter
801,20210323,2021,202103,Spring
802,20100319,2010,201003,Spring
803,20180725,2018,201807,Summer
804,20141218,2014,201412,Winter
805,20200128,2020,202001,Winter
806,20191128,2019,201911,Autumn
807,20200601,2020,202006,Summer
808,20070619,2007,200706,Summer
809,20170608,2017,201706,Summer
810,20200918,2020,202009,Autumn
811,20050112,2005,200501,Winter
812,20160412,2016,201604,Spring
813,20131015,2013,201310,Autumn
814,20160422,2016,201604,Spring
815,20250127,2025,202501,Winter
816,20131029,2013,201310,Autumn
817,20160308,2016,201603,Spring
818,20180629,2018,201806,Summer
819,20160318,2016,201603,Spring
820,20141029,2014,201410,Autumn
821,20151029,2015,201510,Autumn
822,20160401,2016,201604,Spring
823,20190628,2019,201906,Summer
824,20181116,2018,201811,Autumn
825,20030103,2003,200301,Winter
826,20171019,2017,201710,Autumn
827,20200311,2020,202003,Spring
828,20160129,2016,201601,Winter
829,20180116,2018,201801,Winter
830,20200714,2020,202007,Summer
831,20221028,2022,202210,Autumn
832,20200410,2020,202004,Spring
833,20191206,2019,201912,Winter
834,20220128,2022,202201,Winter
835,20220506,2022,202205,Spring
836,20210806,2021,202108,Summer
837,20211119,2021,202111,Autumn
838,20230210,2023,202302,Winter
839,20180124,2018,201801,Winter
840,20180518,2018,201805,Spring
841,20180323,2018,201803,Spring
842,20190226,2019,201902,Winter
843,20230616,2023,202306,Summer
844,20140318,2014,201403,Spring
845,20150910,2015,201509,Autumn
846,20120928,2012,201209,Autumn
847,20180305,2018,201803,Spring
848,20170806,2017,201708,Summer
849,20151224,2015,201512,Winter
850,20120828,2012,201208,Summer
851,20101118,2010,201011,Autumn
852,20071012,2007,200710,Autumn
853,20110210,2011,201102,Winter
854,20160227,2016,201602,Winter
855,20111124,2011,201111,Autumn
856,20240710,2024,202407,Summer
857,20230120,2023,202301,Winter
858,20210702,2021,202107,Summer
859,20231006,2023,202310,Autumn
860,20230111,2023,202301,Winter
861,20180904,2018,201809,Autumn
862,20161011,2016,201610,Autumn
863,20200501,2020,202005,Spring
864,20240829,2024,202408,Summer
865,20160719,2016,201607,Summer
866,20181127,2018,201811,Autumn
867,20170728,2017,201707,Summer
868,20230220,2023,202302,Winter
869,20200425,2020,202004,Spring
870,20190726,2019,201907,Summer
871,20191127,2019,201911,Autumn
872,20201208,2020,202012,Winter
873,20250214,2025,202502,Winter
874,20240911,2024,202409,Autumn
875,20201016,2020,202010,Autumn
876,20200520,2020,202005,Spring
877,20210423,2021,202104,Spring
878,20210916,2021,202109,Autumn
879,20220121,2022,202201,Winter
880,20211029,2021,202110,Autumn
881,20200429,2020,202004,Spring
882,20240830,2024,202408,Summer
883,20241205,2024,202412,Winter
884,20210625,2021,202106,Summer
885,20240129,2024,202401,Winter
886,20230607,2023,202306,Summer
887,20230517,2023,202305,Spring
888,20240328,2024,202403,Spring
889,20240119,2024,202401,Winter
890,20230202,2023,202302,Winter
891,20250107,2025,202501,Winter
892,20240208,2024,202402,Winter
893,20230630,2023,202306,Summer
894,20240322,2024,202403,Spring
895,20250605,2025,202506,Summer
896,20210608,2021,202106,Summer
897,20240615,2024,202406,Summer
898,20240402,2024,202404,Spring
899,20230324,2023,202303,Spring
900,20240618,2024,202406,Summer
901,20210210,2021,202102,Winter
902,20250611,2025,202506,Summer
903,20220423,2022,202204,Spring
904,20210524,2021,202105,Spring
905,20220225,2022,202202,Winter
906,20250701,2025,202507,Summer
907,20090323,2009,200903,Spring
908,20180119,2018,201801,Winter
909,20160909,2016,201609,Autumn
910,20201120,2020,202011,Autumn
911,20160901,2016,201609,Autumn
912,20201028,2020,202010,Autumn
913,20151020,2015,201510,Autumn
914,20151123,2015,201511,Autumn
915,20150317,2015,201503,Spring
916,20150203,2015,201502,Winter
917,20150609,2015,201506,Summer
918,20160120,2016,201601,Winter
919,20150611,2015,201506,Summer
920,20210212,2021,202102,Winter
921,20150303,2015,201503,Spring
922,20190312,2019,201903,Spring
923,20141120,2014,201411,Autumn
924,20181207,2018,201812,Winter
925,20111204,2011,201112,Winter
926,20160110,2016,201601,Winter
927,20150410,2015,201504,Spring
928,20141223,2014,201412,Winter
929,20130915,2013,201309,Autumn
930,20160410,2016,201604,Spring
931,20201218,2020,202012,Winter
932,20140410,2014,201404,Spring
933,20110817,2011,201108,Summer
934,20070410,2007,200704,Spring
935,20221020,2022,202210,Autumn
936,20130410,2013,201304,Spring
937,20080410,2008,200804,Spring
938,20090406,2009,200904,Spring
939,20140520,2014,201405,Spring
940,20120125,2012,201201,Winter
941,20140527,2014,201405,Spring
942,20131211,2013,201312,Winter
943,20071115,2007,200711,Autumn
944,20180215,2018,201802,Winter
945,20140127,2014,201401,Winter
946,20120411,2012,201204,Spring
947,20101225,2010,201012,Winter
948,20200218,2020,202002,Winter
949,20100201,2010,201002,Winter
950,20200424,2020,202004,Spring
951,20131213,2013,201312,Winter
952,20120305,2012,201203,Spring
953,20210303,2021,202103,Spring
954,20121216,2012,201212,Winter
955,20100423,2010,201004,Spring
956,20210319,2021,202103,Spring
957,20210318,2021,202103,Spring
958,20100712,2010,201007,Summer
959,20170718,2017,201707,Summer
960,20080101,2008,200801,Winter
961,20060501,2006,200605,Spring
962,20070218,2007,200702,Winter
963,20120823,2012,201208,Summer
964,20150923,2015,201509,Autumn
965,20060524,2006,200605,Spring
966,20090401,2009,200904,Spring
967,20071015,2007,200710,Autumn
968,20051029,2005,200510,Autumn
969,20080108,2008,200801,Winter
970,20131130,2013,201311,Autumn
971,20070211,2007,200702,Winter
972,20071117,2007,200711,Autumn
973,20131201,2013,201312,Winter
974,20070118,2007,200701,Winter
975,20020328,2002,200203,Spring
976,19940225,1994,199402,Winter
977,19930225,1993,199302,Winter
978,20020402,2002,200204,Spring
979,20020322,2002,200203,Spring
980,19960514,1996,199605,Spring
981,20031114,2003,200311,Autumn
982,20020329,2002,200203,Spring
983,19980420,1998,199804,Spring
984,19970514,1997,199705,Spring
985,19920712,1992,199207,Summer
986,19980507,1998,199805,Spring
987,20240805,2024,202408,Summer
988,19980514,1998,199805,Spring
989,19931220,1993,199312,Winter
990,19991217,1999,199912,Winter
991,19991203,1999,199912,Winter
992,19930101,1993,199301,Winter
993,20001207,2000,200012,Winter
994,19971117,1997,199711,Autumn
995,20041112,2004,200411,Autumn
996,20231208,2023,202312,Winter
997,20230428,2023,202304,Spring
998,19961026,1996,199610,Autumn
999,19930510,1993,199305,Spring
1000,20030101,2003,200301,Winter
1001,19931225,1993,199312,Winter
1002,20001117,2000,200011,Autumn
1003,19940101,1994,199401,Winter
1004,20031107,2003,200311,Autumn
1005,19961112,1996,199611,Autumn
1006,19960101,1996,199601,Winter
1007,19980423,1998,199804,Spring
1008,20060601,2006,200606,Summer
1009,20010406,2001,200104,Spring
1010,20090522,2009,200905,Spring
1011,19960314,1996,199603,Spring
1012,20060620,2006,200606,Summer
1013,20030523,2003,200305,Spring
1014,20150605,2015,201506,Summer
1015,20130618,2013,201306,Summer
1016,20130524,2013,201305,Spring
1017,20130111,2013,201301,Winter
1018,20090619,2009,200906,Summer
1019,20010511,2001,200105,Spring
1020,20040307,2004,200403,Spring
1021,20070601,2007,200706,Summer
1022,20031003,2003,200310,Autumn
1023,20060609,2006,200606,Summer
1024,20210302,2021,202103,Spring
1025,20090618,2009,200906,Summer
1026,19970202,1997,199702,Winter
1027,,,,Summer
1028,19970601,1997,199706,Summer
1029,19920201,1992,199202,Winter
1030,20140220,2014,201402,Winter
1031,20031023,2003,200310,Autumn
1032,,,,Autumn
1033,20080225,2008,200802,Winter
1034,20031024,2003,200310,Autumn
1035,,,,Autumn
1036,20080229,2008,200802,Winter
1037,19940307,1994,199403,Spring
1038,20200607,2020,202006,Summer
1039,20110912,2011,201109,Autumn
1040,20180302,2018,201803,Spring
1041,20160104,2016,201601,Winter
1042,20160502,2016,201605,Spring
1043,20200605,2020,202006,Summer
1044,20160630,2016,201606,Summer
1045,20160125,2016,201601,Winter
1046,20170113,2017,201701,Winter
1047,20200612,2020,202006,Summer
1048,20221206,2022,202212,Winter
1049,20180202,2018,201802,Winter
1050,20160519,2016,201605,Spring
1051,20230530,2023,202305,Spring
1052,20200102,2020,202001,Winter
1053,20151015,2015,201510,Autumn
1054,20240524,2024,202405,Spring
1055,20180307,2018,201803,Spring
1056,20160103,2016,201601,Winter
1057,20210504,2021,202105,Spring
1058,20131202,2013,201312,Winter
1059,20231128,2023,202311,Autumn
1060,20150806,2015,201508,Summer
1061,20131026,2013,201310,Autumn
1062,20160309,2016,201603,Spring
1063,20130310,2013,201303,Spring
1064,20101018,2010,201010,Autumn
1065,20181202,2018,201812,Winter
1066,20130701,2013,201307,Summer
1067,20190706,2019,201907,Summer
1068,20220824,2022,202208,Summer
1069,20191020,2019,201910,Autumn
1070,20250119,2025,202501,Winter
1071,20170915,2017,201709,Autumn
1072,20210507,2021,202105,Spring
1073,20210331,2021,202103,Spring
1074,20030613,2003,200306,Summer
1075,20080411,2008,200804,Spring
1076,20060224,2006,200602,Winter
1077,20110301,2011,201103,Spring
1078,20140304,2014,201403,Spring
1079,20030522,2003,200305,Spring
1080,20060324,2006,200603,Spring
1081,20140321,2014,201403,Spring
1082,20000526,2000,200005,Spring
1083,20030516,2003,200305,Spring
1084,20121025,2012,201210,Autumn
1085,19980331,1998,199803,Spring
1086,19980509,1998,199805,Spring
1087,19980202,1998,199802,Winter
1088,,,,Autumn
1089,19980603,1998,199806,Summer
1090,19980915,1998,199809,Autumn
1091,19980409,1998,199804,Spring
1092,20031016,2003,200310,Autumn
1093,19980105,1998,199801,Winter
1094,19980901,1998,199809,Autumn
1095,19980314,1998,199803,Spring
1096,19980615,1998,199806,Summer
1097,19980411,1998,199804,Spring
1098,19980516,1998,199805,Spring
1099,19981025,1998,199810,Autumn
1100,19990803,1999,199908,Summer
1101,20150310,2015,201503,Spring
1102,20051028,2005,200510,Autumn
1103,20000401,2000,200004,Spring
1104,20091022,2009,200910,Autumn
1105,20240919,2024,202409,Autumn
1106,20211126,2021,202111,Autumn
1107,20240315,2024,202403,Spring
1108,20241210,2024,202412,Winter
1109,20211020,2021,202110,Autumn
1110,20240522,2024,202405,Spring
1111,20191024,2019,201910,Autumn
1112,20210903,2021,202109,Autumn
1113,19980701,1998,199807,Summer
1114,20040927,2004,200409,Autumn
1115,20020927,2002,200209,Autumn
1116,20170321,2017,201703,Spring
1117,20130610,2013,201306,Summer
1118,20101130,2010,201011,Autumn
1119,20041119,2004,200411,Autumn
1120,20111218,2011,201112,Winter
1121,19960801,1996,199608,Summer
1122,20161215,2016,201612,Winter
1123,20071113,2007,200711,Autumn
1124,20120214,2012,201202,Winter
1125,19980801,1998,199808,Summer
1126,20050901,2005,200509,Autumn
1127,20091104,2009,200911,Autumn
1128,20041025,2004,200410,Autumn
1129,19920522,1992,199205,Spring
1130,20170901,2017,201709,Autumn
1131,20150701,2015,201507,Summer
1132,20181206,2018,201812,Winter
1133,20061025,2006,200610,Autumn
1134,20111220,2011,201112,Winter
1135,20130611,2013,201306,Summer
1136,20111211,2011,201112,Winter
1137,19921101,1992,199211,Autumn
1138,20120216,2012,201202,Winter
1139,20060927,2006,200609,Autumn
1140,19980612,1998,199806,Summer
1141,20160629,2016,201606,Summer
1142,20111101,2011,201111,Autumn
1143,,,,Autumn
1144,19920605,1992,199206,Summer
1145,20041220,2004,200412,Winter
1146,20040709,2004,200407,Summer
1147,19921002,1992,199210,Autumn
1148,20061006,2006,200610,Autumn
1149,20040529,2004,200405,Spring
1150,20040530,2004,200405,Spring
1151,20061101,2006,200611,Autumn
1152,20101101,2010,201011,Autumn
1153,20101109,2010,201011,Autumn
1154,19920101,1992,199201,Winter
1155,20081025,2008,200810,Autumn
1156,19921120,1992,199211,Autumn
1157,20061112,2006,200611,Autumn
1158,20061109,2006,200611,Autumn
1159,19920113,1992,199201,Winter
1160,20060610,2006,200606,Summer
1161,20041120,2004,200411,Autumn
1162,20081112,2008,200811,Autumn
1163,20040317,2004,200403,Spring
1164,19930901,1993,199309,Autumn
1165,20071006,2007,200710,Autumn
1166,20061030,2006,200610,Autumn
1167,20091101,2009,200911,Autumn
1168,19930419,1993,199304,Spring
1169,19930214,1993,199302,Winter
1170,20161014,2016,201610,Autumn
1171,20160510,2016,201605,Spring
1172,20160229,2016,201602,Winter
1173,20170512,2017,201705,Spring
1174,20180126,2018,201801,Winter
1175,20170203,2017,201702,Winter
1176,20151215,2015,201512,Winter
1177,20151012,2015,201510,Autumn
1178,20200220,2020,202002,Winter
1179,20140409,2014,201404,Spring
1180,20160126,2016,201601,Winter
1181,20150209,2015,201502,Winter
1182,20150713,2015,201507,Summer
1183,20210622,2021,202106,Summer
1184,20201113,2020,202011,Autumn
1185,20171124,2017,201711,Autumn
1186,20190415,2019,201904,Spring
1187,20220415,2022,202204,Spring
1188,20151112,2015,201511,Autumn
1189,20220517,2022,202205,Spring
1190,20170118,2017,201701,Winter
1191,20151219,2015,201512,Winter
1192,20170131,2017,201701,Winter
1193,20160727,2016,201607,Summer
1194,20140331,2014,201403,Spring
1195,20190318,2019,201903,Spring
1196,20130520,2013,201305,Spring
1197,20130601,2013,201306,Summer
1198,20200316,2020,202003,Spring
1199,20121031,2012,201210,Autumn
1200,20130801,2013,201308,Summer
1201,20180901,2018,201809,Autumn
1202,20160525,2016,201605,Spring
1203,20150612,2015,201506,Summer
1204,20200917,2020,202009,Autumn
1205,20180803,2018,201808,Summer
1206,20191018,2019,201910,Autumn
1207,20140902,2014,201409,Autumn
1208,20190201,2019,201902,Winter
1209,20190125,2019,201901,Winter
1210,20190107,2019,201901,Winter
1211,20121113,2012,201211,Autumn
1212,20211024,2021,202110,Autumn
1213,20191001,2019,201910,Autumn
1214,20210305,2021,202103,Spring
1215,20121228,2012,201212,Winter
1216,20120521,2012,201205,Spring
1217,20190121,2019,201901,Winter
1218,20090607,2009,200906,Summer
1219,20140701,2014,201407,Summer
1220,20100522,2010,201005,Spring
1221,20151001,2015,201510,Autumn
1222,20080412,2008,200804,Spring
1223,20080322,2008,200803,Spring
1224,20120523,2012,201205,Spring
1225,20151010,2015,201510,Autumn
1226,20100607,2010,201006,Summer
1227,20131124,2013,201311,Autumn
1228,20191008,2019,201910,Autumn
1229,20220321,2022,202203,Spring
1230,20201215,2020,202012,Winter
1231,20090126,2009,200901,Winter
1232,20100520,2010,201005,Spring
1233,20220404,2022,202204,Spring
1234,20200317,2020,202003,Spring
1235,20160721,2016,201607,Summer
1236,20181214,2018,201812,Winter
1237,20190617,2019,201906,Summer
1238,20200228,2020,202002,Winter
1239,20180913,2018,201809,Autumn
1240,20190528,2019,201905,Spring
1241,20220718,2022,202207,Summer
1242,20180919,2018,201809,Autumn
1243,20190401,2019,201904,Spring
1244,20190810,2019,201908,Summer
1245,20200105,2020,202001,Winter
1246,20171008,2017,201710,Autumn
1247,20210406,2021,202104,Spring
1248,20160829,2016,201608,Summer
1249,20180118,2018,201801,Winter
1250,20140403,2014,201404,Spring
1251,20081031,2008,200810,Autumn
1252,20180103,2018,201801,Winter
1253,20171213,2017,201712,Winter
1254,20140307,2014,201403,Spring
1255,20070629,2007,200706,Summer
1256,20170419,2017,201704,Spring
1257,20190109,2019,201901,Winter
1258,20181106,2018,201811,Autumn
1259,20140519,2014,201405,Spring
1260,20140424,2014,201404,Spring
1261,20181114,2018,201811,Autumn
1262,20160620,2016,201606,Summer
1263,20190730,2019,201907,Summer
1264,20170109,2017,201701,Winter
1265,20170403,2017,201704,Spring
1266,20190709,2019,201907,Summer
1267,20180424,2018,201804,Spring
1268,20130319,2013,201303,Spring
1269,20170424,2017,201704,Spring
1270,20150911,2015,201509,Autumn
1271,20150918,2015,201509,Autumn
1272,20160627,2016,201606,Summer
1273,20161010,2016,201610,Autumn
1274,20200214,2020,202002,Winter
1275,20170126,2017,201701,Winter
1276,20200324,2020,202003,Spring
1277,20170102,2017,201701,Winter
1278,20160704,2016,201607,Summer
1279,20210312,2021,202103,Spring
1280,20160922,2016,201609,Autumn
1281,20210111,2021,202101,Winter
1282,20160516,2016,201605,Spring
1283,20130315,2013,201303,Spring
1284,20160919,2016,201609,Autumn
1285,20190823,2019,201908,Summer
1286,20040511,2004,200405,Spring
1287,20190625,2019,201906,Summer
1288,20201204,2020,202012,Winter
1289,20160330,2016,201603,Spring
1290,20210223,2021,202102,Winter
1291,20210729,2021,202107,Summer
1292,20100903,2010,201009,Autumn
1293,20160801,2016,201608,Summer
1294,20060130,2006,200601,Winter
1295,20040311,2004,200403,Spring
1296,20161227,2016,201612,Winter
1297,20161017,2016,201610,Autumn
1298,20201115,2020,202011,Autumn
1299,20210730,2021,202107,Summer
1300,20110524,2011,201105,Spring
1301,20210630,2021,202106,Summer
1302,20100511,2010,201005,Spring
1303,20100518,2010,201005,Spring
1304,20140417,2014,201404,Spring
1305,20091215,2009,200912,Winter
1306,20080228,2008,200802,Winter
1307,20091004,2009,200910,Autumn
1308,20210503,2021,202105,Spring
1309,20070602,2007,200706,Summer
1310,20150316,2015,201503,Spring
1311,20080403,2008,200804,Spring
1312,20250321,2025,202503,Spring
1313,20240109,2024,202401,Winter
1314,20120112,2012,201201,Winter
1315,20210712,2021,202107,Summer
1316,20151016,2015,201510,Autumn
1317,20140508,2014,201405,Spring
1318,20090712,2009,200907,Summer
1319,20090715,2009,200907,Summer
1320,20120131,2012,201201,Winter
1321,20111128,2011,201111,Autumn
1322,20101213,2010,201012,Winter
1323,20200301,2020,202003,Spring
1324,20190903,2019,201909,Autumn
1325,20230825,2023,202308,Summer
1326,20200618,2020,202006,Summer
1327,20171201,2017,201712,Winter
1328,20191126,2019,201911,Autumn
1329,20210120,2021,202101,Winter
1330,20180220,2018,201802,Winter
1331,20180417,2018,201804,Spring
1332,20190507,2019,201905,Spring
1333,20190826,2019,201908,Summer
1334,20170103,2017,201701,Winter
1335,20180611,2018,201806,Summer
1336,20190801,2019,201908,Summer
1337,20180206,2018,201802,Winter
1338,20230915,2023,202309,Autumn
1339,20190718,2019,201907,Summer
1340,20200203,2020,202002,Winter
1341,20200210,2020,202002,Winter
1342,20170119,2017,201701,Winter
1343,20220129,2022,202201,Winter
1344,20210824,2021,202108,Summer
1345,20200219,2020,202002,Winter
1346,20230704,2023,202307,Summer
1347,20231022,2023,202310,Autumn
1348,20151210,2015,201512,Winter
1349,20161219,2016,201612,Winter
1350,20210429,2021,202104,Spring
1351,20180127,2018,201801,Winter
1352,20230516,2023,202305,Spring
1353,20200321,2020,202003,Spring
1354,20161216,2016,201612,Winter
1355,20230129,2023,202301,Winter
1356,20190827,2019,201908,Summer
1357,20230614,2023,202306,Summer
1358,20151019,2015,201510,Autumn
1359,20131002,2013,201310,Autumn
1360,20150309,2015,201503,Spring
1361,20161025,2016,201610,Autumn
1362,20151209,2015,201512,Winter
1363,20160209,2016,201602,Winter
1364,20240627,2024,202406,Summer
1365,20160231,2016,201602,Winter
1366,20250117,2025,202501,Winter
1367,20250228,2025,202502,Winter
1368,20231114,2023,202311,Autumn
1369,20250116,2025,202501,Winter
1370,20221213,2022,202212,Winter
1371,20180122,2018,201801,Winter
1372,20170731,2017,201707,Summer
1373,20160926,2016,201609,Autumn
1374,20160715,2016,201607,Summer
1375,20160608,2016,201606,Summer
1376,20180621,2018,201806,Summer
1377,20190118,2019,201901,Winter
1378,20220401,2022,202204,Spring
1379,20190618,2019,201906,Summer
1380,20160621,2016,201606,Summer
1381,20250423,2025,202504,Spring
1382,20150202,2015,201502,Winter
1383,20160531,2016,201605,Spring
1384,20150619,2015,201506,Summer
1385,20200509,2020,202005,Spring
1386,20250326,2025,202503,Spring
1387,20131018,2013,201310,Autumn
1388,20130920,2013,201309,Autumn
1389,20221021,2022,202210,Autumn
1390,20230510,2023,202305,Spring
1391,20231212,2023,202312,Winter
1392,20100913,2010,201009,Autumn
1393,20231007,2023,202310,Autumn
1394,20170615,2017,201706,Summer
1395,20150707,2015,201507,Summer
1396,20130412,2013,201304,Spring
1397,20200625,2020,202006,Summer
1398,20190531,2019,201905,Spring
1399,20181026,2018,201810,Autumn
1400,20121203,2012,201212,Winter
1401,20170217,2017,201702,Winter
1402,20150608,2015,201506,Summer
1403,20110923,2011,201109,Autumn
1404,20160428,2016,201604,Spring
1405,20130312,2013,201303,Spring
1406,20120531,2012,201205,Spring
1407,20081016,2008,200810,Autumn
1408,20120923,2012,201209,Autumn
1409,20100130,2010,201001,Winter
1410,20080420,2008,200804,Spring
1411,20241206,2024,202412,Winter
1412,20201110,2020,202011,Autumn
1413,20120615,2012,201206,Summer
1414,20100602,2010,201006,Summer
1415,20220201,2022,202202,Winter
1416,20080613,2008,200806,Summer
1417,20130717,2013,201307,Summer
1418,20141212,2014,201412,Winter
1419,20170127,2017,201701,Winter
1420,20130430,2013,201304,Spring
1421,20101008,2010,201010,Autumn
1422,20150123,2015,201501,Winter
1423,20220205,2022,202202,Winter
1424,20060401,2006,200604,Spring
1425,20141202,2014,201412,Winter
1426,20240202,2024,202402,Winter
1427,20200512,2020,202005,Spring
1428,20240201,2024,202402,Winter
1429,20060426,2006,200604,Spring
1430,20200609,2020,202006,Summer
1431,20130228,2013,201302,Winter
1432,20220615,2022,202206,Summer
1433,20111008,2011,201110,Autumn
1434,20130416,2013,201304,Spring
1435,20110401,2011,201104,Spring
1436,20130326,2013,201303,Spring
1437,20220303,2022,202203,Spring
1438,20141118,2014,201411,Autumn
1439,20121017,2012,201210,Autumn
1440,20170524,2017,201705,Spring
1441,20110319,2011,201103,Spring
1442,20140526,2014,201405,Spring
1443,20110129,2011,201101,Winter
1444,20110920,2011,201109,Autumn
1445,20110922,2011,201109,Autumn
1446,20101025,2010,201010,Autumn
1447,20120309,2012,201203,Spring
1448,20180419,2018,201804,Spring
1449,20230913,2023,202309,Autumn
1450,20230106,2023,202301,Winter
1451,20190322,2019,201903,Spring
1452,20180730,2018,201807,Summer
1453,20210520,2021,202105,Spring
1454,20191010,2019,201910,Autumn
1455,20221118,2022,202211,Autumn
1456,20180605,2018,201806,Summer
1457,20240210,2024,202402,Winter
1458,20241120,2024,202411,Autumn
1459,20181018,2018,201810,Autumn
1460,20191221,2019,201912,Winter
1461,20240209,2024,202402,Winter
1462,20200715,2020,202007,Summer
1463,20201105,2020,202011,Autumn
1464,19990119,1999,199901,Winter
1465,20160115,2016,201601,Winter
1466,20170406,2017,201704,Spring
1467,20151222,2015,201512,Winter
1468,20181023,2018,201810,Autumn
1469,20150325,2015,201503,Spring
1470,20170605,2017,201706,Summer
1471,20160615,2016,201606,Summer
1472,20200616,2020,202006,Summer
1473,20180104,2018,201801,Winter
1474,20210601,2021,202106,Summer
1475,20171002,2017,201710,Autumn
1476,20170202,2017,201702,Winter
1477,20171224,2017,201712,Winter
1478,20141210,2014,201412,Winter
1479,20180531,2018,201805,Spring
1480,20150304,2015,201503,Spring
1481,20130922,2013,201309,Autumn
1482,20171101,2017,201711,Autumn
1483,20170215,2017,201702,Winter
1484,20170525,2017,201705,Spring
1485,20161021,2016,201610,Autumn
1486,20190613,2019,201906,Summer
1487,20180227,2018,201802,Winter
1488,20170415,2017,201704,Spring
1489,20170122,2017,201701,Winter
1490,20160102,2016,201601,Winter
1491,20180716,2018,201807,Summer
1492,20050926,2005,200509,Autumn
1493,20151014,2015,201510,Autumn
1494,20210701,2021,202107,Summer
1495,20161109,2016,201611,Autumn
1496,20160208,2016,201602,Winter
1497,20170129,2017,201701,Winter
1498,20150603,2015,201506,Summer
1499,20200115,2020,202001,Winter
1500,20250507,2025,202505,Spring
1501,20220826,2022,202208,Summer
1502,20240411,2024,202404,Spring
1503,20171025,2017,201710,Autumn
1504,20121106,2012,201211,Autumn
1505,20181012,2018,201810,Autumn
1506,20180110,2018,201801,Winter
1507,20150618,2015,201506,Summer
1508,20120124,2012,201201,Winter
1509,20140528,2014,201405,Spring
1510,20161006,2016,201610,Autumn
1511,20160606,2016,201606,Summer
1512,20131022,2013,201310,Autumn
1513,20131021,2013,201310,Autumn
1514,20160520,2016,201605,Spring
1515,20131008,2013,201310,Autumn
1516,20101011,2010,201010,Autumn
1517,20131209,2013,201312,Winter
1518,20140610,2014,201406,Summer
1519,20250204,2025,202502,Winter
1520,20091217,2009,200912,Winter
1521,20120630,2012,201206,Summer
1522,20231124,2023,202311,Autumn
1523,20110726,2011,201107,Summer
1524,20200617,2020,202006,Summer
1525,20111231,2011,201112,Winter
1526,20150518,2015,201505,Spring
1527,20101014,2010,201010,Autumn
1528,20111212,2011,201112,Winter
1529,20120106,2012,201201,Winter
1530,20130713,2013,201307,Summer
1531,20130911,2013,201309,Autumn
1532,20210721,2021,202107,Summer
1533,20111205,2011,201112,Winter
1534,20141204,2014,201412,Winter
1535,20200312,2020,202003,Spring
1536,20111121,2011,201111,Autumn
1537,20111129,2011,201111,Autumn
1538,20110402,2011,201104,Spring
1539,20210602,2021,202106,Summer
1540,20090507,2009,200905,Spring
1541,20071129,2007,200711,Autumn
1542,20100516,2010,201005,Spring
1543,20090730,2009,200907,Summer
1544,20131016,2013,201310,Autumn
1545,20220819,2022,202208,Summer
1546,20140301,2014,201403,Spring
1547,20150323,2015,201503,Spring
1548,20140723,2014,201407,Summer
1549,20130812,2013,201308,Summer
1550,20131028,2013,201310,Autumn
1551,20150331,2015,201503,Spring
1552,20180504,2018,201805,Spring
1553,20161118,2016,201611,Autumn
1554,20160506,2016,201605,Spring
1555,20171027,2017,201710,Autumn
1556,20150424,2015,201504,Spring
1557,20170120,2017,201701,Winter
1558,20150220,2015,201502,Winter
1559,20090612,2009,200906,Summer
1560,20060908,2006,200609,Autumn
1561,20190513,2019,201905,Spring
1562,20061001,2006,200610,Autumn
1563,20061013,2006,200610,Autumn
1564,20110826,2011,201108,Summer
1565,20110830,2011,201108,Summer
1566,20090123,2009,200901,Winter
1567,20210827,2021,202108,Summer
1568,20070615,2007,200706,Summer
1569,20081219,2008,200812,Winter
1570,20090122,2009,200901,Winter
1571,20120508,2012,201205,Spring
1572,20230323,2023,202303,Spring
1573,20120520,2012,201205,Spring
1574,20120420,2012,201204,Spring
1575,20081128,2008,200811,Autumn
1576,20140120,2014,201401,Winter
1577,20151204,2015,201512,Winter
1578,20230217,2023,202302,Winter
1579,20210304,2021,202103,Spring
1580,20140624,2014,201406,Summer
1581,20190925,2019,201909,Autumn
1582,20060105,2006,200601,Winter
1583,20240425,2024,202404,Spring
1584,20140506,2014,201405,Spring
1585,20131001,2013,201310,Autumn
1586,20190426,2019,201904,Spring
1587,20180706,2018,201807,Summer
1588,20150430,2015,201504,Spring
1589,20220422,2022,202204,Spring
1590,20111226,2011,201112,Winter
1591,20150207,2015,201502,Winter
1592,20050501,2005,200505,Spring
1593,20250201,2025,202502,Winter
1594,20061220,2006,200612,Winter
1595,20061202,2006,200612,Winter
1596,20250528,2025,202505,Spring
1597,19930612,1993,199306,Summer
1598,20111018,2011,201110,Autumn
1599,20000504,2000,200005,Spring
1600,19960612,1996,199606,Summer
1601,20010612,2001,200106,Summer
1602,19920612,1992,199206,Summer
1603,20120612,2012,201206,Summer
1604,20210525,2021,202105,Spring
1605,20111103,2011,201111,Autumn
1606,20110720,2011,201107,Summer
1607,20160923,2016,201609,Autumn
1608,20140617,2014,201406,Summer
1609,20110812,2011,201108,Summer
1610,20110429,2011,201104,Spring
1611,20070717,2007,200707,Summer
1612,20110613,2011,201106,Summer
1613,20140530,2014,201405,Spring
1614,20181027,2018,201810,Autumn
1615,20101009,2010,201010,Autumn
1616,20100214,2010,201002,Winter
1617,20140616,2014,201406,Summer
1618,20110317,2011,201103,Spring
1619,20080111,2008,200801,Winter
1620,20250618,2025,202506,Summer
1621,19981006,1998,199810,Autumn
1622,20241126,2024,202411,Autumn
1623,20250525,2025,202505,Spring
1624,20250130,2025,202501,Winter
1625,20080331,2008,200803,Spring
1626,20241231,2024,202412,Winter
1627,20130415,2013,201304,Spring
1628,20160826,2016,201608,Summer
1629,20201209,2020,202012,Winter
1630,20200619,2020,202006,Summer
1631,20160921,2016,201609,Autumn
1632,20190405,2019,201904,Spring
1633,20171103,2017,201711,Autumn
1634,20161108,2016,201611,Autumn
1635,20170228,2017,201702,Winter
1636,20160322,2016,201603,Spring
1637,20190327,2019,201903,Spring
1638,20170411,2017,201704,Spring
1639,20180628,2018,201806,Summer
1640,20160624,2016,201606,Summer
1641,20220926,2022,202209,Autumn
1642,20180521,2018,201805,Spring
1643,20160607,2016,201606,Summer
1644,20130527,2013,201305,Spring
1645,20130902,2013,201309,Autumn
1646,20190420,2019,201904,Spring
1647,20131103,2013,201311,Autumn
1648,20130620,2013,201306,Summer
1649,20130602,2013,201306,Summer
1650,20141126,2014,201411,Autumn
1651,20250407,2025,202504,Spring
1652,20210709,2021,202107,Summer
1653,20200514,2020,202005,Spring
1654,20210609,2021,202106,Summer
1655,20230413,2023,202304,Spring
1656,20111013,2011,201110,Autumn
1657,20241101,2024,202411,Autumn
1658,20110514,2011,201105,Spring
1659,20230309,2023,202303,Spring
1660,20191219,2019,201912,Winter
1661,20110714,2011,201107,Summer
1662,20050505,2005,200505,Spring
1663,20051003,2005,200510,Autumn
1664,20050715,2005,200507,Summer
1665,19990315,1999,199903,Spring
1666,19990510,1999,199905,Spring
1667,20030905,2003,200309,Autumn
1668,20091119,2009,200911,Autumn
1669,20171208,2017,201712,Winter
1670,20030901,2003,200309,Autumn
1671,20141128,2014,201411,Autumn
1672,20070330,2007,200703,Spring
1673,20100928,2010,201009,Autumn
1674,20150210,2015,201502,Winter
1675,19990516,1999,199905,Spring
1676,20070119,2007,200701,Winter
1677,20150403,2015,201504,Spring
1678,20220107,2022,202201,Winter
1679,20081130,2008,200811,Autumn
1680,20091113,2009,200911,Autumn
1681,20081121,2008,200811,Autumn
1682,19990105,1999,199901,Winter
1683,20070223,2007,200702,Winter
1684,19991202,1999,199912,Winter
1685,19990403,1999,199904,Spring
1686,19990212,1999,199902,Winter
1687,20100604,2010,201006,Summer
1688,19990922,1999,199909,Autumn
1689,20150212,2015,201502,Winter
1690,19991018,1999,199910,Autumn
1691,20090520,2009,200905,Spring
1692,20100830,2010,201008,Summer
1693,19990410,1999,199904,Spring
1694,20090516,2009,200905,Spring
1695,20040410,2004,200404,Spring
1696,19990407,1999,199904,Spring
1697,20190912,2019,201909,Autumn
1698,20220218,2022,202202,Winter
1699,20190215,2019,201902,Winter
1700,20211111,2021,202111,Autumn
1701,20250320,2025,202503,Spring
1702,20230126,2023,202301,Winter
1703,20170522,2017,201705,Spring
1704,20221209,2022,202212,Winter
1705,20190913,2019,201909,Autumn
1706,20241004,2024,202410,Autumn
1707,20190725,2019,201907,Summer
1708,20211005,2021,202110,Autumn
1709,20190330,2019,201903,Spring
1710,20231230,2023,202312,Winter
1711,20230525,2023,202305,Spring
1712,20170506,2017,201705,Spring
1713,20180502,2018,201805,Spring
1714,20170721,2017,201707,Summer
1715,20170314,2017,201703,Spring
1716,20170919,2017,201709,Autumn
1717,20180620,2018,201806,Summer
1718,20160321,2016,201603,Spring
1719,20200416,2020,202004,Spring
1720,20170811,2017,201708,Summer
1721,20200305,2020,202003,Spring
1722,20201210,2020,202012,Winter
1723,20160623,2016,201606,Summer
1724,20170606,2017,201706,Summer
1725,20171106,2017,201711,Autumn
1726,20170711,2017,201707,Summer
1727,20210407,2021,202104,Spring
1728,20200427,2020,202004,Spring
1729,20120323,2012,201203,Spring
1730,20200322,2020,202003,Spring
1731,20250620,2025,202506,Summer
1732,20180105,2018,201801,Winter
1733,20160602,2016,201606,Summer
1734,20170620,2017,201706,Summer
1735,20150823,2015,201508,Summer
1736,20150512,2015,201505,Spring
1737,20141001,2014,201410,Autumn
1738,20231020,2023,202310,Autumn
1739,20250306,2025,202503,Spring
1740,20090701,2009,200907,Summer
1741,20160118,2016,201601,Winter
1742,20181228,2018,201812,Winter
1743,20140524,2014,201405,Spring
1744,20120713,2012,201207,Summer
1745,20170720,2017,201707,Summer
1746,20121130,2012,201211,Autumn
1747,20091016,2009,200910,Autumn
1748,20141230,2014,201412,Winter
1749,20140513,2014,201405,Spring
1750,20151220,2015,201512,Winter
1751,20151120,2015,201511,Autumn
1752,20111015,2011,201110,Autumn
1753,20151217,2015,201512,Winter
1754,20110528,2011,201105,Spring
1755,20140806,2014,201408,Summer
1756,20140404,2014,201404,Spring
1757,20101116,2010,201011,Autumn
1758,20101022,2010,201010,Autumn
1759,20120610,2012,201206,Summer
1760,20151119,2015,201511,Autumn
1761,20210506,2021,202105,Spring
1762,20120712,2012,201207,Summer
1763,20161028,2016,201610,Autumn
1764,20210515,2021,202105,Spring
1765,20110224,2011,201102,Winter
1766,20130128,2013,201301,Winter
1767,20100129,2010,201001,Winter
1768,20200728,2020,202007,Summer
1769,20170505,2017,201705,Spring
1770,20220530,2022,202205,Spring
1771,20060330,2006,200603,Spring
1772,20100330,2010,201003,Spring
1773,20110219,2011,201102,Winter
1774,20100612,2010,201006,Summer
1775,20200403,2020,202004,Spring
1776,20100221,2010,201002,Winter
1777,20200623,2020,202006,Summer
1778,20070725,2007,200707,Summer
1779,20110521,2011,201105,Spring
1780,20180316,2018,201803,Spring
1781,20170912,2017,201709,Autumn
1782,20180702,2018,201807,Summer
1783,20170807,2017,201708,Summer
1784,20241108,2024,202411,Autumn
1785,20170108,2017,201701,Winter
1786,20151213,2015,201512,Winter
1787,20161226,2016,201612,Winter
1788,20210321,2021,202103,Spring
1789,20170611,2017,201706,Summer
1790,20241219,2024,202412,Winter
1791,20240130,2024,202401,Winter
1792,20190521,2019,201905,Spring
1793,20170515,2017,201705,Spring
1794,20161107,2016,201611,Autumn
1795,20161027,2016,201610,Autumn
1796,20240314,2024,202403,Spring
1797,20150712,2015,201507,Summer
1798,20160202,2016,201602,Winter
1799,20250216,2025,202502,Winter
1800,20240516,2024,202405,Spring
1801,20120706,2012,201207,Summer
1802,20230410,2023,202304,Spring
1803,20160706,2016,201607,Summer
1804,20150506,2015,201505,Spring
1805,20150606,2015,201506,Summer
1806,20190512,2019,201905,Spring
1807,20240823,2024,202408,Summer
1808,20211221,2021,202112,Winter
1809,20240531,2024,202405,Spring
1810,20220525,2022,202205,Spring
1811,20210902,2021,202109,Autumn
1812,20231222,2023,202312,Winter
1813,20240927,2024,202409,Autumn
1814,20220822,2022,202208,Summer
1815,20221006,2022,202210,Autumn
1816,20220921,2022,202209,Autumn
1817,20230502,2023,202305,Spring
1818,20210125,2021,202101,Winter
1819,20201103,2020,202011,Autumn
1820,20220427,2022,202204,Spring
1821,20210315,2021,202103,Spring
1822,20221224,2022,202212,Winter
1823,20220802,2022,202208,Summer
1824,20180727,2018,201807,Summer
1825,20210324,2021,202103,Spring
1826,20241106,2024,202411,Autumn
1827,20241010,2024,202410,Autumn
1828,20230222,2023,202302,Winter
1829,20150427,2015,201504,Spring
1830,20231109,2023,202311,Autumn
1831,20200108,2020,202001,Winter
1832,20220805,2022,202208,Summer
1833,20230405,2023,202304,Spring
1834,20181109,2018,201811,Autumn
1835,20090604,2009,200906,Summer
1836,20151002,2015,201510,Autumn
1837,,,,Autumn
1838,20130409,2013,201304,Spring
1839,20150601,2015,201506,Summer
1840,20180330,2018,201803,Spring
1841,20050806,2005,200508,Summer
1842,20050722,2005,200507,Summer
1843,20070309,2007,200703,Spring
1844,20050701,2005,200507,Summer
1845,20110327,2011,201103,Spring
1846,20141027,2014,201410,Autumn
1847,20080302,2008,200803,Spring
1848,20141028,2014,201410,Autumn
1849,20090518,2009,200905,Spring
1850,20090509,2009,200905,Spring
1851,20080313,2008,200803,Spring
1852,20230327,2023,202303,Spring
1853,20060806,2006,200608,Summer
1854,20090511,2009,200905,Spring
1855,20090513,2009,200905,Spring
1856,20090501,2009,200905,Spring
1857,20090502,2009,200905,Spring
1858,20090503,2009,200905,Spring
1859,20080203,2008,200802,Winter
1860,20090523,2009,200905,Spring
1861,20091118,2009,200911,Autumn
1862,20160310,2016,201603,Spring
1863,20160226,2016,201602,Winter
1864,20221124,2022,202211,Autumn
1865,20091010,2009,200910,Autumn
1866,20130530,2013,201305,Spring
1867,20120717,2012,201207,Summer
1868,20120718,2012,201207,Summer
1869,20090923,2009,200909,Autumn
1870,20130531,2013,201305,Spring
1871,20050318,2005,200503,Spring
1872,,,,Autumn
1873,20170418,2017,201704,Spring
1874,20091204,2009,200912,Winter
1875,20111125,2011,201111,Autumn
1876,20091015,2009,200910,Autumn
1877,20161102,2016,201611,Autumn
1878,20130311,2013,201303,Spring
1879,20211006,2021,202110,Autumn
1880,20160628,2016,201606,Summer
1881,20121217,2012,201212,Winter
1882,20150828,2015,201508,Summer
1883,20110620,2011,201106,Summer
1884,20210923,2021,202109,Autumn
1885,20120924,2012,201209,Autumn
1886,20200109,2020,202001,Winter
1887,20160317,2016,201603,Spring
1888,20220518,2022,202205,Spring
1889,20221014,2022,202210,Autumn
1890,20160113,2016,201601,Winter
1891,20111111,2011,201111,Autumn
1892,20211115,2021,202111,Autumn
1893,20050210,2005,200502,Winter
1894,20171227,2017,201712,Winter
1895,20250508,2025,202505,Spring
1896,20100531,2010,201005,Spring
1897,20200415,2020,202004,Spring
1898,20250219,2025,202502,Winter
1899,20151201,2015,201512,Winter
1900,20160121,2016,201601,Winter
1901,20020117,2002,200201,Winter
1902,20210917,2021,202109,Autumn
1903,20161026,2016,201610,Autumn
1904,20101010,2010,201010,Autumn
1905,20130627,2013,201306,Summer
1906,20130628,2013,201306,Summer
1907,20150311,2015,201503,Spring
1908,20111227,2011,201112,Winter
1909,20181231,2018,201812,Winter
1910,20161231,2016,201612,Winter
1911,20100923,2010,201009,Autumn
1912,20081127,2008,200811,Autumn
1913,20130106,2013,201301,Winter
1914,20220608,2022,202206,Summer
1915,20150417,2015,201504,Spring
1916,20091211,2009,200912,Winter
1917,20151231,2015,201512,Winter
1918,20110715,2011,201107,Summer
1919,20150122,2015,201501,Winter
1920,20070506,2007,200705,Spring
1921,20151030,2015,201510,Autumn
1922,20250409,2025,202504,Spring
1923,20070911,2007,200709,Autumn
1924,20110802,2011,201108,Summer
1925,20120321,2012,201203,Spring
1926,20110410,2011,201104,Spring
1927,20070527,2007,200705,Spring
1928,20070904,2007,200709,Autumn
1929,20200401,2020,202004,Spring
1930,20070630,2007,200706,Summer
1931,20071014,2007,200710,Autumn
1932,20130529,2013,201305,Spring
1933,20161111,2016,201611,Autumn
1934,20161012,2016,201610,Autumn
1935,20140227,2014,201402,Winter
1936,20160530,2016,201605,Spring
1937,20151105,2015,201511,Autumn
1938,20160713,2016,201607,Summer
1939,20200204,2020,202002,Winter
1940,20151207,2015,201512,Winter
1941,20160421,2016,201604,Spring
1942,20150525,2015,201505,Spring
1943,20150501,2015,201505,Spring
1944,20150522,2015,201505,Spring
1945,20140226,2014,201402,Winter
1946,20160201,2016,201602,Winter
1947,20120421,2012,201204,Spring
1948,20140106,2014,201401,Winter
1949,20120417,2012,201204,Spring
1950,20120917,2012,201209,Autumn
1951,20240628,2024,202406,Summer
1952,20120414,2012,201204,Spring
1953,20140228,2014,201402,Winter
1954,20150319,2015,201503,Spring
1955,20120419,2012,201204,Spring
1956,20111117,2011,201111,Autumn
1957,20160718,2016,201607,Summer
1958,20140124,2014,201401,Winter
1959,20130403,2013,201304,Spring
1960,20121009,2012,201210,Autumn
1961,20130213,2013,201302,Winter
1962,20140807,2014,201408,Summer
1963,20220211,2022,202202,Winter
1964,20120422,2012,201204,Spring
1965,20120401,2012,201204,Spring
1966,20120415,2012,201204,Spring
1967,20200925,2020,202009,Autumn
1968,20120517,2012,201205,Spring
1969,20170607,2017,201706,Summer
1970,20160714,2016,201607,Summer
1971,20170825,2017,201708,Summer
1972,20161013,2016,201610,Autumn
1973,20160315,2016,201603,Spring
1974,20210414,2021,202104,Spring
1975,20171130,2017,201711,Autumn
1976,20181004,2018,201810,Autumn
1977,20250515,2025,202505,Spring
1978,20211201,2021,202112,Winter
1979,20141006,2014,201410,Autumn
1980,20150121,2015,201501,Winter
1981,20141124,2014,201411,Autumn
1982,20150213,2015,201502,Winter
1983,20190220,2019,201902,Winter
1984,20140314,2014,201403,Spring
1985,20211130,2021,202111,Autumn
1986,20220127,2022,202201,Winter
1987,20101015,2010,201010,Autumn
1988,20090204,2009,200902,Winter
1989,20060226,2006,200602,Winter
1990,20070226,2007,200702,Winter
1991,20040414,2004,200404,Spring
1992,20180926,2018,201809,Autumn
1993,20040205,2004,200402,Winter
1994,19990521,1999,199905,Spring
1995,20240101,2024,202401,Winter
1996,20100524,2010,201005,Spring
1997,,,,Autumn
1998,20100507,2010,201005,Spring
1999,19980521,1998,199805,Spring
2000,20110328,2011,201103,Spring
2001,20040328,2004,200403,Spring
2002,20160913,2016,201609,Autumn
2003,20170626,2017,201706,Summer
2004,20170306,2017,201703,Spring
2005,20161115,2016,201611,Autumn
2006,20170201,2017,201702,Winter
2007,20161129,2016,201611,Autumn
2008,20161101,2016,201611,Autumn
2009,20160626,2016,201606,Summer
2010,20231018,2023,202310,Autumn
2011,20120213,2012,201202,Winter
2012,20200707,2020,202007,Summer
2013,20150318,2015,201503,Spring
2014,20150716,2015,201507,Summer
2015,20200205,2020,202002,Winter
2016,20121016,2012,201210,Autumn
2017,20160717,2016,201607,Summer
2018,20111122,2011,201111,Autumn
2019,20130318,2013,201303,Spring
2020,20150728,2015,201507,Summer
2021,20200206,2020,202002,Winter
2022,20110415,2011,201104,Spring
2023,20160407,2016,201604,Spring
2024,20081215,2008,200812,Winter
2025,20200525,2020,202005,Spring
2026,20060414,2006,200604,Spring
2027,20111027,2011,201110,Autumn
2028,20081024,2008,200810,Autumn
2029,20080610,2008,200806,Summer
2030,20080507,2008,200805,Spring
2031,20060805,2006,200608,Summer
2032,20140725,2014,201407,Summer
2033,20150514,2015,201505,Spring
2034,20060418,2006,200604,Spring
2035,20050801,2005,200508,Summer
2036,20060602,2006,200606,Summer
2037,20200326,2020,202003,Spring
2038,20140523,2014,201405,Spring
2039,20220602,2022,202206,Summer
2040,20150920,2015,201509,Autumn
2041,20160418,2016,201604,Spring
2042,20121125,2012,201211,Autumn
2043,20130207,2013,201302,Winter
2044,20101027,2010,201010,Autumn
2045,20111028,2011,201110,Autumn
2046,20141112,2014,201411,Autumn
2047,20101228,2010,201012,Winter
2048,20151006,2015,201510,Autumn
2049,20161031,2016,201610,Autumn
2050,20161019,2016,201610,Autumn
2051,20170328,2017,201703,Spring
2052,20161004,2016,201610,Autumn
2053,20150530,2015,201505,Spring
2054,20150919,2015,201509,Autumn
2055,20141111,2014,201411,Autumn
2056,20150326,2015,201503,Spring
2057,20160114,2016,201601,Winter
2058,20200904,2020,202009,Autumn
2059,20140907,2014,201409,Autumn
2060,20140630,2014,201406,Summer
2061,20150116,2015,201501,Winter
2062,20151022,2015,201510,Autumn
2063,20150105,2015,201501,Winter
2064,20150206,2015,201502,Winter
2065,20140827,2014,201408,Summer
2066,20130204,2013,201302,Winter
2067,20140531,2014,201405,Spring
2068,20140105,2014,201401,Winter
2069,20070207,2007,200702,Winter
2070,20130621,2013,201306,Summer
2071,,,,Winter
2072,,,,Autumn
2073,20050201,2005,200502,Winter
2074,20070122,2007,200701,Winter
2075,20081124,2008,200811,Autumn
2076,,,,Autumn
2077,19960310,1996,199603,Spring
2078,19941113,1994,199411,Autumn
2079,19990121,1999,199901,Winter
2080,20210606,2021,202106,Summer
2081,20010302,2001,200103,Spring
2082,20000302,2000,200003,Spring
2083,19940212,1994,199402,Winter
2084,19940802,1994,199408,Summer
2085,19970121,1997,199701,Winter
2086,19940512,1994,199405,Spring
2087,19940211,1994,199402,Winter
2088,19940310,1994,199403,Spring
2089,19940516,1994,199405,Spring
2090,19940604,1994,199406,Summer
2091,19940202,1994,199402,Winter
2092,19990719,1999,199907,Summer
2093,20060127,2006,200601,Winter
2094,20110503,2011,201105,Spring
2095,20160805,2016,201608,Summer
2096,20110412,2011,201104,Spring
2097,20170214,2017,201702,Winter
2098,20211216,2021,202112,Winter
2099,20170503,2017,201705,Spring
2100,20110909,2011,201109,Autumn
2101,20140615,2014,201406,Summer
2102,20230725,2023,202307,Summer
2103,20191210,2019,201912,Winter
2104,20210716,2021,202107,Summer
2105,20231223,2023,202312,Winter
2106,20201001,2020,202010,Autumn
2107,20210708,2021,202107,Summer
2108,20190317,2019,201903,Spring
2109,20230205,2023,202302,Winter
2110,20230125,2023,202301,Winter
2111,20230723,2023,202307,Summer
2112,20221025,2022,202210,Autumn
2113,20200802,2020,202008,Summer
2114,20230610,2023,202306,Summer
2115,20230522,2023,202305,Spring
2116,20200331,2020,202003,Spring
2117,20231225,2023,202312,Winter
2118,20220118,2022,202201,Winter
2119,20161122,2016,201611,Autumn
2120,20160823,2016,201608,Summer
2121,20160712,2016,201607,Summer
2122,20160726,2016,201607,Summer
2123,20160920,2016,201609,Autumn
2124,20200709,2020,202007,Summer
2125,20180314,2018,201803,Spring
2126,20200806,2020,202008,Summer
2127,20200821,2020,202008,Summer
2128,20120210,2012,201202,Winter
2129,20210501,2021,202105,Spring
2130,20120211,2012,201202,Winter
2131,20210815,2021,202108,Summer
2132,20170427,2017,201704,Spring
2133,20171221,2017,201712,Winter
2134,20181218,2018,201812,Winter
2135,20190104,2019,201901,Winter
2136,20160501,2016,201605,Spring
2137,20220315,2022,202203,Spring
2138,20151228,2015,201512,Winter
2139,20220511,2022,202205,Spring
2140,20160203,2016,201602,Winter
2141,20160523,2016,201605,Spring
2142,20180711,2018,201807,Summer
2143,20170112,2017,201701,Winter
2144,20161015,2016,201610,Autumn
2145,20220902,2022,202209,Autumn
2146,20141026,2014,201410,Autumn
2147,20190705,2019,201907,Summer
2148,20200523,2020,202005,Spring
2149,20131224,2013,201312,Winter
2150,20130402,2013,201304,Spring
2151,20110201,2011,201102,Winter
2152,20211001,2021,202110,Autumn
2153,20161110,2016,201611,Autumn
2154,20130321,2013,201303,Spring
2155,20250428,2025,202504,Spring
2156,20120215,2012,201202,Winter
2157,20120223,2012,201202,Winter
2158,20140605,2014,201406,Summer
2159,20230626,2023,202306,Summer
2160,20230706,2023,202307,Summer
2161,20231229,2023,202312,Winter
2162,20221003,2022,202210,Autumn
2163,20171115,2017,201711,Autumn
2164,20041223,2004,200412,Winter
2165,20051109,2005,200511,Autumn
2166,20040509,2004,200405,Spring
2167,20071221,2007,200712,Winter
2168,20040705,2004,200407,Summer
2169,20181219,2018,201812,Winter
2170,20200323,2020,202003,Spring
2171,20071127,2007,200711,Autumn
2172,20080207,2008,200802,Winter
2173,20070920,2007,200709,Autumn
2174,20070509,2007,200705,Spring
2175,20041109,2004,200411,Autumn
2176,20160825,2016,201608,Summer
2177,20170220,2017,201702,Winter
2178,20181128,2018,201811,Autumn
2179,20230601,2023,202306,Summer
2180,20250103,2025,202501,Winter
2181,20220613,2022,202206,Summer
2182,20150602,2015,201506,Summer
2183,20050403,2005,200504,Spring
2184,20071126,2007,200711,Autumn
2185,20040418,2004,200404,Spring
2186,20111221,2011,201112,Winter
2187,20210126,2021,202101,Winter
2188,20040404,2004,200404,Spring
2189,20050419,2005,200504,Spring
2190,20041013,2004,200410,Autumn
2191,20040305,2004,200403,Spring
2192,20040310,2004,200403,Spring
2193,20041127,2004,200411,Autumn
2194,20040708,2004,200407,Summer
2195,20220213,2022,202202,Winter
2196,20040609,2004,200406,Summer
2197,20040510,2004,200405,Spring
2198,19991206,1999,199912,Winter
2199,19990522,1999,199905,Spring
2200,20130716,2013,201307,Summer
2201,20150421,2015,201504,Spring
2202,20180108,2018,201801,Winter
2203,20180112,2018,201801,Winter
2204,20171204,2017,201712,Winter
2205,20160527,2016,201605,Spring
2206,20181022,2018,201810,Autumn
2207,20160524,2016,201605,Spring
2208,20160512,2016,201605,Spring
2209,20201222,2020,202012,Winter
2210,20230303,2023,202303,Spring
2211,20130805,2013,201308,Summer
2212,20200310,2020,202003,Spring
2213,20230414,2023,202304,Spring
2214,20180101,2018,201801,Winter
2215,20230419,2023,202304,Spring
2216,20240828,2024,202408,Summer
2217,20190719,2019,201907,Summer
2218,20190905,2019,201909,Autumn
2219,20230914,2023,202309,Autumn
2220,20200123,2020,202001,Winter
2221,20180326,2018,201803,Spring
2222,20210617,2021,202106,Summer
2223,20191003,2019,201910,Autumn
2224,20180219,2018,201802,Winter
2225,20220601,2022,202206,Summer
2226,20211217,2021,202112,Winter
2227,20190708,2019,201907,Summer
2228,20190723,2019,201907,Summer
2229,20241218,2024,202412,Winter
2230,20190328,2019,201903,Spring
2231,20181001,2018,201810,Autumn
2232,20181121,2018,201811,Autumn
2233,20210513,2021,202105,Spring
2234,20220927,2022,202209,Autumn
2235,20221109,2022,202211,Autumn
2236,20241217,2024,202412,Winter
2237,20170801,2017,201708,Summer
2238,20200420,2020,202004,Spring
2239,20220512,2022,202205,Spring
2240,20220928,2022,202209,Autumn
2241,20170124,2017,201701,Winter
2242,20220804,2022,202208,Summer
2243,20220428,2022,202204,Spring
2244,20230926,2023,202309,Autumn
2245,20191220,2019,201912,Winter
2246,20160622,2016,201606,Summer
2247,20191005,2019,201910,Autumn
2248,20160802,2016,201608,Summer
2249,20170727,2017,201707,Summer
2250,20140613,2014,201406,Summer
2251,20140901,2014,201409,Autumn
2252,20150120,2015,201501,Winter
2253,20140816,2014,201408,Summer
2254,20150225,2015,201502,Winter
2255,20160217,2016,201602,Winter
2256,20121201,2012,201212,Winter
2257,20161206,2016,201612,Winter
2258,20090417,2009,200904,Spring
2259,20130909,2013,201309,Autumn
2260,20120901,2012,201209,Autumn
2261,20121206,2012,201212,Winter
2262,20121211,2012,201212,Winter
2263,20110809,2011,201108,Summer
2264,20101206,2010,201012,Winter
2265,20131210,2013,201312,Winter
2266,20100222,2010,201002,Winter
2267,20120117,2012,201201,Winter
2268,20171205,2017,201712,Winter
2269,20110905,2011,201109,Autumn
2270,20131025,2013,201310,Autumn
2271,20130722,2013,201307,Summer
2272,20140429,2014,201404,Spring
2273,20120705,2012,201207,Summer
2274,20181105,2018,201811,Autumn
2275,20190326,2019,201903,Spring
2276,20130124,2013,201301,Winter
2277,20130723,2013,201307,Summer
2278,20111114,2011,201111,Autumn
2279,20120221,2012,201202,Winter
2280,20110504,2011,201105,Spring
2281,20121210,2012,201212,Winter
2282,20181230,2018,201812,Winter
2283,20120224,2012,201202,Winter
2284,20060915,2006,200609,Autumn
2285,20120208,2012,201202,Winter
2286,20210518,2021,202105,Spring
2287,20190626,2019,201906,Summer
2288,20110602,2011,201106,Summer
2289,20060822,2006,200608,Summer
2290,20191215,2019,201912,Winter
2291,20061022,2006,200610,Autumn
2292,20210619,2021,202106,Summer
2293,20090920,2009,200909,Autumn
2294,20060320,2006,200603,Spring
2295,20121209,2012,201212,Winter
2296,20111001,2011,201110,Autumn
2297,20111104,2011,201111,Autumn
2298,20110406,2011,201104,Spring
2299,20241121,2024,202411,Autumn
2300,20191212,2019,201912,Winter
2301,20060228,2006,200602,Winter
2302,20151229,2015,201512,Winter
2303,20111130,2011,201111,Autumn
2304,20120330,2012,201203,Spring
2305,20110302,2011,201103,Spring
2306,20110331,2011,201103,Spring
2307,20240418,2024,202404,Spring
2308,20110124,2011,201101,Winter
2309,20121029,2012,201210,Autumn
2310,20171016,2017,201710,Autumn
2311,20231026,2023,202310,Autumn
2312,20160101,2016,201601,Winter
2313,20110213,2011,201102,Winter
2314,20131203,2013,201312,Winter
2315,20120507,2012,201205,Spring
2316,20190427,2019,201904,Spring
2317,20040519,2004,200405,Spring
2318,20160311,2016,201603,Spring
2319,20070622,2007,200706,Summer
2320,20041101,2004,200411,Autumn
2321,20210215,2021,202102,Winter
2322,20120831,2012,201208,Summer
2323,20140415,2014,201404,Spring
2324,20160212,2016,201602,Winter
2325,20121002,2012,201210,Autumn
2326,20181213,2018,201812,Winter
2327,20110813,2011,201108,Summer
2328,20080711,2008,200807,Summer
2329,20070414,2007,200704,Spring
2330,20041018,2004,200410,Autumn
2331,20031002,2003,200310,Autumn
2332,20140311,2014,201403,Spring
2333,20160702,2016,201607,Summer
2334,20041103,2004,200411,Autumn
2335,20060721,2006,200607,Summer
2336,20220616,2022,202206,Summer
2337,20100127,2010,201001,Winter
2338,20091201,2009,200912,Winter
2339,20131112,2013,201311,Autumn
2340,20160701,2016,201607,Summer
2341,20150714,2015,201507,Summer
2342,20051002,2005,200510,Autumn
2343,20101125,2010,201011,Autumn
2344,20091213,2009,200912,Winter
2345,20110104,2011,201101,Winter
2346,20110117,2011,201101,Winter
2347,20041123,2004,200411,Autumn
2348,20030501,2003,200305,Spring
2349,20130118,2013,201301,Winter
2350,20110125,2011,201101,Winter
2351,20030625,2003,200306,Summer
2352,20031025,2003,200310,Autumn
2353,20121224,2012,201212,Winter
2354,20030927,2003,200309,Autumn
2355,20030410,2003,200304,Spring
2356,20080830,2008,200808,Summer
2357,20030816,2003,200308,Summer
2358,20031028,2003,200310,Autumn
2359,20031213,2003,200312,Winter
2360,20030129,2003,200301,Winter
2361,20120413,2012,201204,Spring
2362,20100601,2010,201006,Summer
2363,20100514,2010,201005,Spring
2364,20090407,2009,200904,Spring
2365,20040501,2004,200405,Spring
2366,20060918,2006,200609,Autumn
2367,20201111,2020,202011,Autumn
2368,20130426,2013,201304,Spring
2369,20091024,2009,200910,Autumn
2370,20070707,2007,200707,Summer
2371,20071002,2007,200710,Autumn
2372,20111213,2011,201112,Winter
2373,20100202,2010,201002,Winter
2374,20140305,2014,201403,Spring
2375,20100614,2010,201006,Summer
2376,20130327,2013,201303,Spring
2377,20050401,2005,200504,Spring
2378,20190604,2019,201906,Summer
2379,20150324,2015,201503,Spring
2380,20150415,2015,201504,Spring
2381,20150503,2015,201505,Spring
2382,20170612,2017,201706,Summer
2383,20170905,2017,201709,Autumn
2384,20170725,2017,201707,Summer
2385,20150305,2015,201503,Spring
2386,20120504,2012,201205,Spring
2387,20150915,2015,201509,Autumn
2388,20130617,2013,201306,Summer
2389,20130305,2013,201303,Spring
2390,20240918,2024,202409,Autumn
2391,20210526,2021,202105,Spring
2392,20240921,2024,202409,Autumn
2393,20120921,2012,201209,Autumn
2394,20110205,2011,201102,Winter
2395,20140930,2014,201409,Autumn
2396,20211102,2021,202111,Autumn
2397,20250215,2025,202502,Winter
2398,20140917,2014,201409,Autumn
2399,20140929,2014,201409,Autumn
2400,20110311,2011,201103,Spring
2401,20111126,2011,201111,Autumn
2402,20100416,2010,201004,Spring
2403,20110526,2011,201105,Spring
2404,20211110,2021,202111,Autumn
2405,20131220,2013,201312,Winter
2406,20131125,2013,201311,Autumn
2407,20070618,2007,200706,Summer
2408,20071101,2007,200711,Autumn
2409,20071107,2007,200711,Autumn
2410,20071116,2007,200711,Autumn
2411,20070306,2007,200703,Spring
2412,20091126,2009,200911,Autumn
2413,20100719,2010,201007,Summer
2414,20240305,2024,202403,Spring
2415,20141007,2014,201410,Autumn
2416,20070301,2007,200703,Spring
2417,20080307,2008,200803,Spring
2418,20070318,2007,200703,Spring
2419,20070610,2007,200706,Summer
2420,20070531,2007,200705,Spring
2421,20070909,2007,200709,Autumn
2422,20191031,2019,201910,Autumn
2423,20160111,2016,201601,Winter
2424,20111031,2011,201110,Autumn
2425,20200130,2020,202001,Winter
2426,20080418,2008,200804,Spring
2427,20140509,2014,201405,Spring
2428,20100713,2010,201007,Summer
2429,20150110,2015,201501,Winter
2430,20050622,2005,200506,Summer
2431,20100709,2010,201007,Summer
2432,20110619,2011,201106,Summer
2433,20111025,2011,201110,Autumn
2434,20080601,2008,200806,Summer
2435,20100622,2010,201006,Summer
2436,20051201,2005,200512,Winter
2437,20091224,2009,200912,Winter
2438,20110808,2011,201108,Summer
2439,20110815,2011,201108,Summer
2440,20051001,2005,200510,Autumn
2441,20110704,2011,201107,Summer
2442,20051119,2005,200511,Autumn
2443,20110718,2011,201107,Summer
2444,20051213,2005,200512,Winter
2445,20151005,2015,201510,Autumn
2446,20191029,2019,201910,Autumn
2447,20140107,2014,201401,Winter
2448,20151109,2015,201511,Autumn
