DateCodePK,Year,Month,Day,Season
DAT0001,2021,202104,20210402,Spring
DAT0002,2020,202003,20200306,Winter
DAT0003,2021,202102,20210219,Winter
DAT0004,2019,201903,20190308,Winter
DAT0005,2020,202005,20200529,Spring
DAT0006,2020,202005,20200521,Spring
DAT0007,2020,202004,20200417,Spring
DAT0008,2023,202302,20230208,Winter
DAT0009,2022,202206,20220603,Spring
DAT0010,2019,201906,20190607,Spring
DAT0011,2019,201902,20190207,Winter
DAT0012,2019,201904,20190416,Spring
DAT0013,2020,202003,20200313,Winter
DAT0014,2019,201909,20190920,Summer
DAT0015,2019,201901,20190114,Winter
DAT0016,2025,202505,20250516,Spring
DAT0017,2018,201806,20180615,Spring
DAT0018,2019,201907,20190710,Summer
DAT0019,2020,202001,20200117,Winter
DAT0020,2020,202010,20201002,Autumn
DAT0021,2023,202305,20230519,Spring
DAT0022,2019,201912,20191230,Winter
DAT0023,2024,202406,20240621,Summer
DAT0024,2020,202012,20201225,Winter
DAT0025,2022,202211,20221104,Autumn
DAT0026,2019,201908,20190813,Summer
DAT0027,2020,202004,20200407,Spring
DAT0028,2024,202403,20240301,Winter
DAT0029,2018,201812,20181220,Autumn
DAT0030,2018,201812,20181205,Autumn
DAT0031,2018,201811,20181112,Autumn
DAT0032,2020,202001,20200124,Winter
DAT0033,2020,202006,20200610,Spring
DAT0034,2015,201511,20151117,Autumn
DAT0035,2015,201509,20150907,Summer
DAT0036,2025,202505,20250502,Spring
DAT0037,2015,201511,20151126,Autumn
DAT0038,2015,201511,20151122,Autumn
DAT0039,2015,201511,20151102,Autumn
DAT0040,2016,201601,20160127,Winter
DAT0041,2025,202505,20250522,Spring
DAT0042,2015,201511,20151129,Autumn
DAT0043,2025,202505,20250505,Spring
DAT0044,2018,201812,20181211,Autumn
DAT0045,2018,201803,20180306,Winter
DAT0046,2019,201905,20190524,Spring
DAT0047,2021,202105,20210528,Spring
DAT0048,2016,201610,20161024,Autumn
DAT0049,2019,201902,20190213,Winter
DAT0050,2018,201802,20180214,Winter
DAT0051,2021,202110,20211022,Autumn
DAT0052,2017,201710,20171013,Autumn
DAT0053,2024,202405,20240510,Spring
DAT0054,2019,201910,20191002,Autumn
DAT0055,2018,201806,20180607,Spring
DAT0056,2018,201806,20180622,Summer
DAT0057,2018,201804,20180423,Spring
DAT0058,2017,201703,20170313,Winter
DAT0059,2019,201901,20190110,Winter
DAT0060,2021,202104,20210430,Spring
DAT0061,2020,202011,20201112,Autumn
DAT0062,2019,201912,20191213,Autumn
DAT0063,2020,202007,20200724,Summer
DAT0064,2024,202406,20240614,Spring
DAT0065,2021,202109,20210910,Summer
DAT0066,2022,202206,20220624,Summer
DAT0067,2020,202003,20200315,Winter
DAT0068,2024,202402,20240223,Winter
DAT0069,2020,202006,20200624,Summer
DAT0070,2015,201511,20151113,Autumn
DAT0071,2019,201912,20191202,Autumn
DAT0072,2025,202502,20250207,Winter
DAT0073,2024,202404,20240405,Spring
DAT0074,2020,202005,20200507,Spring
DAT0075,2025,202504,20250404,Spring
DAT0076,2023,202307,20230728,Summer
DAT0077,2024,202410,20241018,Autumn
DAT0078,2017,201709,20170910,Summer
DAT0079,2025,202505,20250509,Spring
DAT0080,2024,202403,20240306,Winter
DAT0081,2019,201903,20190319,Winter
DAT0082,2020,202007,20200716,Summer
DAT0083,2023,202309,20230929,Autumn
DAT0084,2023,202305,20230512,Spring
DAT0085,2018,201804,20180426,Spring
DAT0086,2019,201910,20191011,Autumn
DAT0087,2021,202105,20210514,Spring
DAT0088,2021,202104,20210422,Spring
DAT0089,2024,202402,20240207,Winter
DAT0090,2019,201911,20191129,Autumn
DAT0091,2018,201803,20180308,Winter
DAT0092,2025,202505,20250530,Spring
DAT0093,2024,202402,20240216,Winter
DAT0094,2017,201710,20171014,Autumn
DAT0095,2018,201810,20181008,Autumn
DAT0096,2021,202104,20210419,Spring
DAT0097,2021,202109,20210901,Summer
DAT0098,2019,201901,20190117,Winter
DAT0099,2022,202203,20220304,Winter
DAT0100,2024,202410,20241016,Autumn
DAT0101,2022,202203,20220325,Spring
DAT0102,2022,202201,20220131,Winter
DAT0103,2023,202302,20230224,Winter
DAT0104,2022,202206,20220610,Spring
DAT0105,2022,202211,20221128,Autumn
DAT0106,2019,201911,20191120,Autumn
DAT0107,2019,201906,20190619,Spring
DAT0108,2017,201709,20170918,Summer
DAT0109,2020,202005,20200519,Spring
DAT0110,2020,202003,20200314,Winter
DAT0111,2022,202210,20221007,Autumn
DAT0112,2016,201608,20160809,Summer
DAT0113,2021,202104,20210401,Spring
DAT0114,2022,202207,20220727,Summer
DAT0115,2016,201609,20160916,Summer
DAT0116,2019,201904,20190429,Spring
DAT0117,2017,201708,20170814,Summer
DAT0118,2016,201602,20160205,Winter
DAT0119,2019,201904,20190410,Spring
DAT0120,2021,202112,20211225,Winter
DAT0121,2022,202204,20220407,Spring
DAT0122,2019,201903,20190323,Spring
DAT0123,2019,201911,20191108,Autumn
DAT0124,2018,201811,20181130,Autumn
DAT0125,2019,201911,20191115,Autumn
DAT0126,2020,202007,20200731,Summer
DAT0127,2019,201905,20190503,Spring
DAT0128,2018,201806,20180608,Spring
DAT0129,2018,201802,20180209,Winter
DAT0130,2017,201709,20170926,Autumn
DAT0131,2022,202207,20220715,Summer
DAT0132,2022,202209,20220930,Autumn
DAT0133,2024,202412,20241213,Autumn
DAT0134,2023,202303,20230317,Winter
DAT0135,2018,201805,20180517,Spring
DAT0136,2022,202209,20220923,Autumn
DAT0137,2017,201710,20171015,Autumn
DAT0138,2020,202004,20200423,Spring
DAT0139,2023,202312,20231215,Autumn
DAT0140,2020,202003,20200320,Spring
DAT0141,2023,202309,20230907,Summer
DAT0142,2019,201912,20191207,Autumn
DAT0143,2020,202009,20200908,Summer
DAT0144,2023,202310,20231031,Autumn
DAT0145,2021,202104,20210404,Spring
DAT0146,2023,202307,20230703,Summer
DAT0147,2018,201804,20180410,Spring
DAT0148,2016,201612,20161224,Winter
DAT0149,2018,201810,20181031,Autumn
DAT0150,2020,202010,20201031,Autumn
DAT0151,2019,201907,20190711,Summer
DAT0152,2020,202010,20201003,Autumn
DAT0153,2018,201804,20180401,Spring
DAT0154,2020,202009,20200919,Summer
DAT0155,2023,202311,20231117,Autumn
DAT0156,2016,201611,20161117,Autumn
DAT0157,2021,202102,20210218,Winter
DAT0158,2024,202409,20240906,Summer
DAT0159,2019,201905,20190530,Spring
DAT0160,2021,202101,20210109,Winter
DAT0161,2016,201612,20161213,Autumn
DAT0162,2015,201507,20150725,Summer
DAT0163,2018,201804,20180411,Spring
DAT0164,2018,201807,20180722,Summer
DAT0165,2023,202301,20230113,Winter
DAT0166,2020,202011,20201126,Autumn
DAT0167,2020,202009,20200916,Summer
DAT0168,2020,202011,20201109,Autumn
DAT0169,2017,201705,20170502,Spring
DAT0170,2017,201710,20171031,Autumn
DAT0171,2017,201701,20170123,Winter
DAT0172,2020,202010,20201022,Autumn
DAT0173,2016,201609,20160902,Summer
DAT0174,2022,202204,20220408,Spring
DAT0175,2020,202010,20201021,Autumn
DAT0176,2024,202403,20240326,Spring
DAT0177,2017,201703,20170311,Winter
DAT0178,2022,202205,20220524,Spring
DAT0179,2023,202311,20231104,Autumn
DAT0180,2025,202505,20250523,Spring
DAT0181,2018,201806,20180614,Spring
DAT0182,2025,202504,20250410,Spring
DAT0183,2022,202211,20221130,Autumn
DAT0184,2023,202309,20230901,Summer
DAT0185,2023,202305,20230505,Spring
DAT0186,2024,202407,20240705,Summer
DAT0187,2022,202209,20220909,Summer
DAT0188,2022,202209,20220905,Summer
DAT0189,2024,202409,20240920,Summer
DAT0190,2019,201903,20190301,Winter
DAT0191,2024,202402,20240227,Winter
DAT0192,2017,201704,20170407,Spring
DAT0193,2020,202007,20200717,Summer
DAT0194,2019,201909,20190927,Autumn
DAT0195,2024,202409,20240913,Summer
DAT0196,2019,201910,20191004,Autumn
DAT0197,2017,201704,20170404,Spring
DAT0198,2017,201704,20170414,Spring
DAT0199,2019,201902,20190221,Winter
DAT0200,2018,201807,20180713,Summer
DAT0201,2016,201612,20161212,Autumn
DAT0202,2022,202203,20220309,Winter
DAT0203,2017,201710,20171020,Autumn
DAT0204,2020,202007,20200701,Summer
DAT0205,2017,201702,20170227,Winter
DAT0206,2019,201902,20190212,Winter
DAT0207,2016,201608,20160816,Summer
DAT0208,2018,201803,20180321,Spring
DAT0209,2024,202411,20241127,Autumn
DAT0210,2023,202303,20230331,Spring
DAT0211,2022,202212,20221216,Autumn
DAT0212,2017,201701,20170130,Winter
DAT0213,2014,201412,20141229,Winter
DAT0214,2017,201708,20170808,Summer
DAT0215,2016,201612,20161205,Autumn
DAT0216,2016,201607,20160725,Summer
DAT0217,2016,201612,20161230,Winter
DAT0218,2022,202205,20220527,Spring
DAT0219,2017,201702,20170216,Winter
DAT0220,2022,202209,20220906,Summer
DAT0221,2023,202304,20230417,Spring
DAT0222,2020,202004,20200421,Spring
DAT0223,2021,202110,20211019,Autumn
DAT0224,2022,202205,20220505,Spring
DAT0225,2016,201611,20161125,Autumn
DAT0226,2017,201710,20171012,Autumn
DAT0227,2019,201912,20191225,Winter
DAT0228,2014,201412,20141205,Autumn
DAT0229,2017,201712,20171218,Autumn
DAT0230,2020,202011,20201125,Autumn
DAT0231,2021,202112,20211231,Winter
DAT0232,2012,201204,20120429,Spring
DAT0233,2013,201307,20130712,Summer
DAT0234,2012,201211,20121105,Autumn
DAT0235,2020,202010,20201012,Autumn
DAT0236,2012,201210,20121028,Autumn
DAT0237,2012,201206,20120617,Spring
DAT0238,2017,201703,20170331,Spring
DAT0239,2012,201201,20120120,Winter
DAT0240,2020,202003,20200328,Spring
DAT0241,2020,202004,20200406,Spring
DAT0242,2025,202506,20250606,Spring
DAT0243,2012,201208,20120827,Summer
DAT0244,2012,201211,20121117,Autumn
DAT0245,2015,201501,20150119,Winter
DAT0246,2017,201704,20170428,Spring
DAT0247,2017,201705,20170519,Spring
DAT0248,2019,201906,20190614,Spring
DAT0249,2020,202007,20200710,Summer
DAT0250,2017,201711,20171120,Autumn
DAT0251,2018,201805,20180525,Spring
DAT0252,2013,201309,20130917,Summer
DAT0253,2017,201703,20170317,Winter
DAT0254,2021,202103,20210326,Spring
DAT0255,2021,202102,20210226,Winter
DAT0256,2023,202306,20230602,Spring
DAT0257,2018,201804,20180427,Spring
DAT0258,2020,202007,20200702,Summer
DAT0259,2019,201902,20190208,Winter
DAT0260,2016,201602,20160222,Winter
DAT0261,2023,202305,20230504,Spring
DAT0262,2020,202012,20201211,Autumn
DAT0263,2019,201905,20190517,Spring
DAT0264,2020,202004,20200430,Spring
DAT0265,2023,202306,20230606,Spring
DAT0266,2013,201309,20130921,Summer
DAT0267,2015,201501,20150127,Winter
DAT0268,2017,201703,20170309,Winter
DAT0269,2021,202105,20210512,Spring
DAT0270,2024,202404,20240419,Spring
DAT0271,2022,202206,20220630,Summer
DAT0272,2013,201305,20130513,Spring
DAT0273,2023,202311,20231122,Autumn
DAT0274,2016,201603,20160303,Winter
DAT0275,2025,202504,20250418,Spring
DAT0276,2017,201710,20171003,Autumn
DAT0277,2016,201611,20161114,Autumn
DAT0278,2025,202504,20250411,Spring
DAT0279,2019,201908,20190830,Summer
DAT0280,2022,202201,20220114,Winter
DAT0281,2025,202505,20250529,Spring
DAT0282,2018,201810,20181016,Autumn
DAT0283,2010,201010,20101012,Autumn
DAT0284,2006,200606,20060628,Summer
DAT0285,2008,200808,20080809,Summer
DAT0286,2004,200401,20040101,Winter
DAT0287,2017,201709,20170927,Autumn
DAT0288,2008,200804,20080415,Spring
DAT0289,2017,201709,20170921,Summer
DAT0290,2011,201107,20110716,Summer
DAT0291,2017,201709,20170929,Autumn
DAT0292,2020,202008,20200815,Summer
DAT0293,2013,201312,20131221,Winter
DAT0294,2012,201206,20120619,Spring
DAT0295,2015,201507,20150702,Summer
DAT0296,2025,202501,20250131,Winter
DAT0297,2017,201705,20170526,Spring
DAT0298,2012,201205,20120511,Spring
DAT0299,2015,201509,20150925,Autumn
DAT0300,2016,201612,20161203,Autumn
DAT0301,2008,200803,20080315,Winter
DAT0302,2019,201908,20190809,Summer
DAT0303,2024,202409,20240917,Summer
DAT0304,2024,202405,20240517,Spring
DAT0305,2023,202304,20230421,Spring
DAT0306,2023,202302,20230209,Winter
DAT0307,2023,202307,20230714,Summer
DAT0308,2025,202501,20250124,Winter
DAT0309,2025,202503,20250307,Winter
DAT0310,2024,202401,20240125,Winter
DAT0311,2023,202311,20231110,Autumn
DAT0312,2022,202202,20220216,Winter
DAT0313,2024,202407,20240717,Summer
DAT0314,2022,202206,20220617,Spring
DAT0315,2024,202410,20241011,Autumn
DAT0316,2021,202112,20211215,Autumn
DAT0317,2025,202503,20250328,Spring
DAT0318,2017,201706,20170630,Summer
DAT0319,2020,202006,20200626,Summer
DAT0320,2013,201306,20130604,Spring
DAT0321,2021,202104,20210409,Spring
DAT0322,2015,201506,20150623,Summer
DAT0323,2018,201809,20180914,Summer
DAT0324,2011,201106,20110610,Spring
DAT0325,2021,202112,20211210,Autumn
DAT0326,2015,201511,20151125,Autumn
DAT0327,2018,201809,20180907,Summer
DAT0328,2017,201709,20170922,Summer
DAT0329,2017,201704,20170421,Spring
DAT0330,2025,202501,20250110,Winter
DAT0331,2019,201906,20190605,Spring
DAT0332,2020,202006,20200611,Spring
DAT0333,2015,201505,20150505,Spring
DAT0334,2013,201304,20130423,Spring
DAT0335,2020,202012,20201216,Autumn
DAT0336,2017,201706,20170602,Spring
DAT0337,2015,201505,20150526,Spring
DAT0338,2019,201906,20190621,Summer
DAT0339,2011,201106,20110614,Spring
DAT0340,2015,201506,20150616,Spring
DAT0341,2021,202104,20210428,Spring
DAT0342,2015,201507,20150723,Summer
DAT0343,2011,201105,20110520,Spring
DAT0344,2018,201811,20181129,Autumn
DAT0345,2015,201511,20151127,Autumn
DAT0346,2006,200609,20060912,Summer
DAT0347,2013,201304,20130405,Spring
DAT0348,2020,202011,20201127,Autumn
DAT0349,2018,201806,20180601,Spring
DAT0350,2018,201804,20180406,Spring
DAT0351,2018,201802,20180216,Winter
DAT0352,2009,200910,20091011,Autumn
DAT0353,2009,200901,20090101,Winter
DAT0354,2018,201811,20181122,Autumn
DAT0355,2005,200504,20050411,Spring
DAT0356,2013,201305,20130510,Spring
DAT0357,2013,201311,20131126,Autumn
DAT0358,2019,201905,20190514,Spring
DAT0359,2006,200604,20060408,Spring
DAT0360,2017,201712,20171215,Autumn
DAT0361,2025,202505,20250521,Spring
DAT0362,2010,201011,20101115,Autumn
DAT0363,2015,201511,20151106,Autumn
DAT0364,2013,201310,20131030,Autumn
DAT0365,2009,200906,20090630,Summer
DAT0366,2006,200605,20060527,Spring
DAT0367,2006,200606,20060630,Summer
DAT0368,2008,200810,20081009,Autumn
DAT0369,2006,200611,20061124,Autumn
DAT0370,2006,200611,20061117,Autumn
DAT0371,2006,200610,20061028,Autumn
DAT0372,2004,200404,20040430,Spring
DAT0373,2018,201802,20180223,Winter
DAT0374,2012,201203,20120320,Spring
DAT0375,2006,200603,20060325,Spring
DAT0376,2005,200506,20050630,Summer
DAT0377,2006,200601,20060101,Winter
DAT0378,2006,200609,20060923,Autumn
DAT0379,2009,200904,20090408,Spring
DAT0380,2006,200605,20060509,Spring
DAT0381,2006,200608,20060818,Summer
DAT0382,2005,200501,20050101,Winter
DAT0383,1999,199906,19990630,Summer
DAT0384,2017,201704,20170405,Spring
DAT0385,2024,202402,20240226,Winter
DAT0386,2013,201311,20131118,Autumn
DAT0387,2017,201711,20171112,Autumn
DAT0388,2017,201702,20170224,Winter
DAT0389,2017,201703,20170324,Spring
DAT0390,2018,201802,20180201,Winter
DAT0391,2020,202007,20200703,Summer
DAT0392,2012,201211,20121126,Autumn
DAT0393,2015,201504,20150401,Spring
DAT0394,2014,201406,20140609,Spring
DAT0395,2020,202011,20201106,Autumn
DAT0396,2020,202010,20201023,Autumn
DAT0397,2020,202008,20200828,Summer
DAT0398,2017,201709,20170908,Summer
DAT0399,2018,201808,20180817,Summer
DAT0400,2020,202009,20200911,Summer
DAT0401,2023,202306,20230609,Spring
DAT0402,2023,202310,20231027,Autumn
DAT0403,2023,202307,20230707,Summer
DAT0404,2023,202304,20230407,Spring
DAT0405,2023,202309,20230908,Summer
DAT0406,2018,201805,20180511,Spring
DAT0407,2023,202312,20231201,Autumn
DAT0408,2023,202308,20230804,Summer
DAT0409,2024,202408,20240816,Summer
DAT0410,2024,202410,20241025,Autumn
DAT0411,2018,201810,20181024,Autumn
DAT0412,2020,202001,20200110,Winter
DAT0413,2016,201612,20161209,Autumn
DAT0414,2020,202010,20201007,Autumn
DAT0415,2018,201804,20180413,Spring
DAT0416,2017,201706,20170609,Spring
DAT0417,2023,202307,20230721,Summer
DAT0418,2021,202112,20211203,Autumn
DAT0419,2023,202303,20230310,Winter
DAT0420,2023,202305,20230526,Spring
DAT0421,2017,201710,20171018,Autumn
DAT0422,2017,201703,20170316,Winter
DAT0423,2018,201804,20180420,Spring
DAT0424,2016,201608,20160818,Summer
DAT0425,2017,201706,20170614,Spring
DAT0426,2021,202101,20210108,Winter
DAT0427,2017,201702,20170210,Winter
DAT0428,2021,202101,20210122,Winter
DAT0429,2016,201611,20161124,Autumn
DAT0430,2024,202405,20240503,Spring
DAT0431,2019,201906,20190620,Spring
DAT0432,2016,201610,20161003,Autumn
DAT0433,2016,201612,20161201,Autumn
DAT0434,2024,202411,20241115,Autumn
DAT0435,2016,201605,20160513,Spring
DAT0436,2023,202310,20231013,Autumn
DAT0437,2018,201811,20181123,Autumn
DAT0438,2024,202403,20240308,Winter
DAT0439,2015,201512,20151218,Autumn
DAT0440,2016,201606,20160610,Spring
DAT0441,2021,202104,20210416,Spring
DAT0442,2019,201911,20191122,Autumn
DAT0443,2023,202304,20230420,Spring
DAT0444,2021,202106,20210618,Spring
DAT0445,2025,202506,20250613,Spring
DAT0446,2022,202205,20220513,Spring
DAT0447,2014,201402,20140214,Winter
DAT0448,2013,201302,20130226,Winter
DAT0449,2014,201405,20140522,Spring
DAT0450,2019,201910,20191014,Autumn
DAT0451,2015,201507,20150715,Summer
DAT0452,2024,202407,20240719,Summer
DAT0453,2017,201708,20170830,Summer
DAT0454,2020,202003,20200327,Spring
DAT0455,2021,202101,20210119,Winter
DAT0456,2016,201606,20160601,Spring
DAT0457,2021,202103,20210309,Winter
DAT0458,2020,202012,20201202,Autumn
DAT0459,2020,202003,20200319,Winter
DAT0460,2019,201901,20190122,Winter
DAT0461,2019,201904,20190412,Spring
DAT0462,2018,201808,20180814,Summer
DAT0463,2018,201804,20180403,Spring
DAT0464,2017,201711,20171129,Autumn
DAT0465,2018,201804,20180430,Spring
DAT0466,2017,201709,20170906,Summer
DAT0467,2019,201910,20191022,Autumn
DAT0468,2023,202311,20231129,Autumn
DAT0469,2017,201712,20171206,Autumn
DAT0470,2017,201703,20170315,Winter
DAT0471,2019,201903,20190304,Winter
DAT0472,2022,202207,20220722,Summer
DAT0473,2022,202205,20220509,Spring
DAT0474,2024,202411,20241129,Autumn
DAT0475,2017,201705,20170504,Spring
DAT0476,2017,201706,20170613,Spring
DAT0477,2017,201707,20170710,Summer
DAT0478,2017,201704,20170410,Spring
DAT0479,2023,202305,20230508,Spring
DAT0480,2024,202404,20240426,Spring
DAT0481,2017,201704,20170420,Spring
DAT0482,2017,201707,20170704,Summer
DAT0483,2024,202406,20240619,Spring
DAT0484,2024,202404,20240412,Spring
DAT0485,2014,201406,20140618,Spring
DAT0486,2017,201705,20170529,Spring
DAT0487,2016,201608,20160808,Summer
DAT0488,2016,201609,20160927,Autumn
DAT0489,2017,201712,20171222,Winter
DAT0490,2016,201607,20160711,Summer
DAT0491,2019,201906,20190603,Spring
DAT0492,2017,201711,20171114,Autumn
DAT0493,2017,201701,20170101,Winter
DAT0494,2018,201809,20180916,Summer
DAT0495,2018,201809,20180921,Summer
DAT0496,2018,201809,20180928,Autumn
DAT0497,2018,201806,20180613,Spring
DAT0498,2016,201605,20160511,Spring
DAT0499,2017,201701,20170110,Winter
DAT0500,2019,201905,20190510,Spring
DAT0501,2018,201812,20181221,Winter
DAT0502,2017,201705,20170501,Spring
DAT0503,2018,201808,20180821,Summer
DAT0504,2021,202101,20210129,Winter
DAT0505,2020,202005,20200508,Spring
DAT0506,2017,201703,20170307,Winter
DAT0507,2021,202106,20210611,Spring
DAT0508,2021,202110,20211015,Autumn
DAT0509,2018,201801,20180115,Winter
DAT0510,2024,202401,20240112,Winter
DAT0511,2025,202502,20250221,Winter
DAT0512,2021,202107,20210728,Summer
DAT0513,2022,202207,20220701,Summer
DAT0514,2024,202404,20240403,Spring
DAT0515,2016,201603,20160324,Spring
DAT0516,2020,202011,20201117,Autumn
DAT0517,2023,202304,20230424,Spring
DAT0518,2020,202011,20201124,Autumn
DAT0519,2023,202304,20230404,Spring
DAT0520,2019,201902,20190206,Winter
DAT0521,2022,202202,20220202,Winter
DAT0522,2020,202001,20200116,Winter
DAT0523,2020,202005,20200515,Spring
DAT0524,2021,202102,20210203,Winter
DAT0525,2018,201808,20180831,Summer
DAT0526,2019,201902,20190222,Winter
DAT0527,2021,202104,20210421,Spring
DAT0528,2023,202311,20231103,Autumn
DAT0529,2016,201601,20160122,Winter
DAT0530,2017,201707,20170714,Summer
DAT0531,2020,202004,20200408,Spring
DAT0532,2020,202010,20201009,Autumn
DAT0533,2021,202103,20210306,Winter
DAT0534,2024,202403,20240307,Winter
DAT0535,2021,202106,20210610,Spring
DAT0536,2020,202004,20200413,Spring
DAT0537,2021,202104,20210420,Spring
DAT0538,2021,202102,20210202,Winter
DAT0539,2015,201503,20150327,Spring
DAT0540,1999,199901,19990101,Winter
DAT0541,2020,202010,20201030,Autumn
DAT0542,2002,200206,20020620,Spring
DAT0543,2012,201204,20120410,Spring
DAT0544,2007,200701,20070126,Winter
DAT0545,1998,199801,19980101,Winter
DAT0546,2002,200201,20020101,Winter
DAT0547,2020,202010,20201029,Autumn
DAT0548,,,,
DAT0549,2012,201203,20120319,Winter
DAT0550,2016,201612,20161202,Autumn
DAT0551,2017,201710,20171006,Autumn
DAT0552,2021,202110,20211027,Autumn
DAT0553,1997,199701,19970101,Winter
DAT0554,2012,201201,20120101,Winter
DAT0555,2015,201504,20150414,Spring
DAT0556,2021,202109,20210928,Autumn
DAT0557,2018,201807,20180720,Summer
DAT0558,2018,201810,20181005,Autumn
DAT0559,2018,201812,20181212,Autumn
DAT0560,2020,202005,20200522,Spring
DAT0561,2019,201901,20190111,Winter
DAT0562,2020,202001,20200131,Winter
DAT0563,2022,202212,20221223,Winter
DAT0564,2021,202102,20210205,Winter
DAT0565,2023,202302,20230216,Winter
DAT0566,2024,202401,20240126,Winter
DAT0567,2024,202407,20240712,Summer
DAT0568,2022,202210,20221024,Autumn
DAT0569,2022,202201,20220101,Winter
DAT0570,2017,201709,20170907,Summer
DAT0571,2014,201401,20140117,Winter
DAT0572,2019,201912,20191204,Autumn
DAT0573,2015,201504,20150428,Spring
DAT0574,2017,201703,20170310,Winter
DAT0575,2019,201903,20190315,Winter
DAT0576,2017,201703,20170303,Winter
DAT0577,2016,201602,20160211,Winter
DAT0578,2019,201904,20190419,Spring
DAT0579,2013,201305,20130503,Spring
DAT0580,2010,201006,20100606,Spring
DAT0581,2022,202204,20220429,Spring
DAT0582,2011,201112,20111219,Autumn
DAT0583,2014,201404,20140428,Spring
DAT0584,2017,201702,20170207,Winter
DAT0585,2013,201305,20130528,Spring
DAT0586,2015,201501,20150107,Winter
DAT0587,2013,201305,20130521,Spring
DAT0588,2006,200604,20060429,Spring
DAT0589,2015,201507,20150727,Summer
DAT0590,2020,202012,20201221,Winter
DAT0591,2015,201501,20150101,Winter
DAT0592,2013,201301,20130101,Winter
DAT0593,2016,201602,20160219,Winter
DAT0594,2011,201101,20110101,Winter
DAT0595,2013,201309,20130903,Summer
DAT0596,2021,202105,20210521,Spring
DAT0597,2015,201505,20150528,Spring
DAT0598,2019,201910,20191021,Autumn
DAT0599,2006,200608,20060809,Summer
DAT0600,2003,200310,20031014,Autumn
DAT0601,2025,202503,20250314,Winter
DAT0602,2018,201811,20181102,Autumn
DAT0603,2021,202107,20210723,Summer
DAT0604,2014,201401,20140101,Winter
DAT0605,2023,202305,20230511,Spring
DAT0606,2022,202205,20220520,Spring
DAT0607,2017,201706,20170616,Spring
DAT0608,2016,201609,20160930,Autumn
DAT0609,2007,200705,20070518,Spring
DAT0610,2003,200304,20030423,Spring
DAT0611,2010,201010,20101005,Autumn
DAT0612,2014,201409,20140909,Summer
DAT0613,2009,200906,20090605,Spring
DAT0614,2012,201206,20120605,Spring
DAT0615,2006,200603,20060315,Winter
DAT0616,2012,201205,20120522,Spring
DAT0617,2014,201407,20140730,Summer
DAT0618,2010,201009,20100906,Summer
DAT0619,2010,201010,20101003,Autumn
DAT0620,2010,201007,20100708,Summer
DAT0621,2014,201406,20140602,Spring
DAT0622,2012,201205,20120506,Spring
DAT0623,2005,200506,20050610,Spring
DAT0624,2012,201211,20121122,Autumn
DAT0625,2012,201204,20120424,Spring
DAT0626,2009,200905,20090505,Spring
DAT0627,2007,200705,20070517,Spring
DAT0628,2012,201211,20121127,Autumn
DAT0629,2004,200404,20040423,Spring
DAT0630,2011,201103,20110323,Spring
DAT0631,2013,201307,20130724,Summer
DAT0632,2011,201103,20110305,Winter
DAT0633,2011,201103,20110316,Winter
DAT0634,2011,201103,20110309,Winter
DAT0635,1998,199806,19980620,Spring
DAT0636,2000,200001,20000101,Winter
DAT0637,1998,199807,19980720,Summer
DAT0638,1995,199507,19950707,Summer
DAT0639,1995,199501,19950117,Winter
DAT0640,2019,201903,20190303,Winter
DAT0641,2020,202002,20200221,Winter
DAT0642,2019,201908,20190802,Summer
DAT0643,2004,200409,20040901,Summer
DAT0644,2010,201007,20100727,Summer
DAT0645,2015,201504,20150407,Spring
DAT0646,2022,202203,20220318,Winter
DAT0647,2004,200408,20040827,Summer
DAT0648,2014,201403,20140324,Spring
DAT0649,2014,201404,20140430,Spring
DAT0650,2002,200202,20020210,Winter
DAT0651,2010,201009,20100907,Summer
DAT0652,2013,201302,20130205,Winter
DAT0653,2006,200605,20060526,Spring
DAT0654,2006,200606,20060606,Spring
DAT0655,2002,200202,20020201,Winter
DAT0656,2017,201711,20171113,Autumn
DAT0657,2006,200612,20061201,Autumn
DAT0658,2007,200710,20071026,Autumn
DAT0659,2007,200711,20071109,Autumn
DAT0660,2011,201104,20110422,Spring
DAT0661,2019,201910,20191025,Autumn
DAT0662,2016,201609,20160906,Summer
DAT0663,2016,201605,20160526,Spring
DAT0664,2012,201212,20121212,Autumn
DAT0665,2022,202203,20220314,Winter
DAT0666,2017,201711,20171117,Autumn
DAT0667,2009,200903,20090320,Spring
DAT0668,2017,201706,20170623,Summer
DAT0669,2012,201210,20121030,Autumn
DAT0670,2009,200904,20090410,Spring
DAT0671,2010,201007,20100720,Summer
DAT0672,2016,201606,20160613,Spring
DAT0673,2010,201009,20100910,Summer
DAT0674,2013,201302,20130202,Winter
DAT0675,2011,201103,20110318,Winter
DAT0676,2002,200202,20020203,Winter
DAT0677,2008,200805,20080509,Spring
DAT0678,2007,200710,20071005,Autumn
DAT0679,2024,202411,20241122,Autumn
DAT0680,2013,201303,20130329,Spring
DAT0681,2011,201102,20110222,Winter
DAT0682,2010,201001,20100101,Winter
DAT0683,2010,201005,20100504,Spring
DAT0684,2013,201302,20130222,Winter
DAT0685,2025,202505,20250513,Spring
DAT0686,2006,200606,20060616,Spring
DAT0687,2017,201712,20171217,Autumn
DAT0688,2018,201805,20180528,Spring
DAT0689,2012,201206,20120629,Summer
DAT0690,2006,200602,20060201,Winter
DAT0691,2020,202003,20200318,Winter
DAT0692,2004,200403,20040318,Winter
DAT0693,2007,200705,20070503,Spring
DAT0694,2008,200802,20080217,Winter
DAT0695,2006,200609,20060916,Summer
DAT0696,2008,200809,20080901,Summer
DAT0697,2013,201301,20130125,Winter
DAT0698,2010,201012,20101224,Winter
DAT0699,2020,202001,20200114,Winter
DAT0700,2015,201510,20151023,Autumn
DAT0701,2011,201112,20111217,Autumn
DAT0702,2013,201309,20130927,Autumn
DAT0703,2021,202111,20211105,Autumn
DAT0704,2014,201402,20140217,Winter
DAT0705,2013,201306,20130625,Summer
DAT0706,2019,201904,20190418,Spring
DAT0707,2019,201903,20190329,Spring
DAT0708,2014,201403,20140325,Spring
DAT0709,2017,201711,20171121,Autumn
DAT0710,2020,202008,20200814,Summer
DAT0711,2014,201411,20141104,Autumn
DAT0712,2015,201509,20150904,Summer
DAT0713,2017,201710,20171009,Autumn
DAT0714,2021,202106,20210604,Spring
DAT0715,2020,202006,20200603,Spring
DAT0716,2016,201605,20160504,Spring
DAT0717,2025,202504,20250425,Spring
DAT0718,2016,201603,20160304,Winter
DAT0719,2021,202109,20210924,Autumn
DAT0720,2014,201410,20141015,Autumn
DAT0721,2021,202111,20211101,Autumn
DAT0722,2016,201602,20160210,Winter
DAT0723,2015,201510,20151009,Autumn
DAT0724,2025,202502,20250212,Winter
DAT0725,2013,201303,20130323,Spring
DAT0726,2023,202309,20230928,Autumn
DAT0727,2024,202407,20240726,Summer
DAT0728,2016,201611,20161128,Autumn
DAT0729,2012,201211,20121129,Autumn
DAT0730,2012,201209,20120904,Summer
DAT0731,2012,201211,20121120,Autumn
DAT0732,2022,202212,20221230,Winter
DAT0733,2021,202111,20211127,Autumn
DAT0734,2022,202207,20220729,Summer
DAT0735,2007,200701,20070101,Winter
DAT0736,2009,200909,20090909,Summer
DAT0737,2005,200501,20050127,Winter
DAT0738,2014,201403,20140319,Winter
DAT0739,2016,201611,20161104,Autumn
DAT0740,2008,200807,20080728,Summer
DAT0741,2014,201404,20140414,Spring
DAT0742,2014,201404,20140408,Spring
DAT0743,2016,201609,20160915,Summer
DAT0744,2014,201404,20140422,Spring
DAT0745,2012,201202,20120229,Winter
DAT0746,2012,201202,20120206,Winter
DAT0747,2022,202212,20221202,Autumn
DAT0748,2019,201911,20191111,Autumn
DAT0749,2022,202211,20221111,Autumn
DAT0750,2022,202206,20220623,Summer
DAT0751,2001,200105,20010523,Spring
DAT0752,2001,200110,20011010,Autumn
DAT0753,2012,201201,20120129,Winter
DAT0754,2001,200107,20010729,Summer
DAT0755,2001,200111,20011119,Autumn
DAT0756,2001,200103,20010328,Spring
DAT0757,2001,200104,20010422,Spring
DAT0758,2001,200101,20010101,Winter
DAT0759,2005,200502,20050214,Winter
DAT0760,2002,200211,20021103,Autumn
DAT0761,2001,200101,20010114,Winter
DAT0762,2001,200106,20010603,Spring
DAT0763,2005,200510,20051019,Autumn
DAT0764,2021,202101,20210115,Winter
DAT0765,2016,201612,20161225,Winter
DAT0766,2007,200702,20070216,Winter
DAT0767,2023,202307,20230705,Summer
DAT0768,2022,202211,20221125,Autumn
DAT0769,2021,202110,20211008,Autumn
DAT0770,2012,201201,20120126,Winter
DAT0771,2021,202111,20211112,Autumn
DAT0772,2007,200711,20071120,Autumn
DAT0773,2011,201104,20110416,Spring
DAT0774,2001,200111,20011101,Autumn
DAT0775,2012,201211,20121109,Autumn
DAT0776,2012,201212,20121204,Autumn
DAT0777,2005,200512,20051217,Autumn
DAT0778,1998,199804,19980410,Spring
DAT0779,2009,200907,20090718,Summer
DAT0780,2013,201311,20131105,Autumn
DAT0781,2007,200702,20070220,Winter
DAT0782,2001,200105,20010516,Spring
DAT0783,2005,200512,20051227,Winter
DAT0784,2014,201402,20140213,Winter
DAT0785,2024,202406,20240607,Spring
DAT0786,1998,199801,19980108,Winter
DAT0787,2018,201810,20181030,Autumn
DAT0788,2005,200511,20051117,Autumn
DAT0789,2005,200512,20051211,Autumn
DAT0790,2012,201207,20120731,Summer
DAT0791,2013,201307,20130730,Summer
DAT0792,1998,199811,19981101,Autumn
DAT0793,2005,200512,20051226,Winter
DAT0794,2021,202103,20210323,Spring
DAT0795,2010,201003,20100319,Winter
DAT0796,2018,201807,20180725,Summer
DAT0797,2014,201412,20141218,Autumn
DAT0798,2020,202001,20200128,Winter
DAT0799,2019,201911,20191128,Autumn
DAT0800,2020,202006,20200601,Spring
DAT0801,2007,200706,20070619,Spring
DAT0802,2017,201706,20170608,Spring
DAT0803,2020,202009,20200918,Summer
DAT0804,2005,200501,20050112,Winter
DAT0805,2016,201604,20160412,Spring
DAT0806,2013,201310,20131015,Autumn
DAT0807,2016,201604,20160422,Spring
DAT0808,2025,202501,20250127,Winter
DAT0809,2013,201310,20131029,Autumn
DAT0810,2016,201603,20160308,Winter
DAT0811,2018,201806,20180629,Summer
DAT0812,2016,201603,20160318,Winter
DAT0813,2014,201410,20141029,Autumn
DAT0814,2015,201510,20151029,Autumn
DAT0815,2016,201604,20160401,Spring
DAT0816,2019,201906,20190628,Summer
DAT0817,2018,201811,20181116,Autumn
DAT0818,2003,200301,20030103,Winter
DAT0819,2017,201710,20171019,Autumn
DAT0820,2020,202003,20200311,Winter
DAT0821,2016,201601,20160129,Winter
DAT0822,2018,201801,20180116,Winter
DAT0823,2020,202007,20200714,Summer
DAT0824,2022,202210,20221028,Autumn
DAT0825,2020,202004,20200410,Spring
DAT0826,2019,201912,20191206,Autumn
DAT0827,2022,202201,20220128,Winter
DAT0828,2022,202205,20220506,Spring
DAT0829,2021,202108,20210806,Summer
DAT0830,2021,202111,20211119,Autumn
DAT0831,2023,202302,20230210,Winter
DAT0832,2018,201801,20180124,Winter
DAT0833,2018,201805,20180518,Spring
DAT0834,2018,201803,20180323,Spring
DAT0835,2019,201902,20190226,Winter
DAT0836,2023,202306,20230616,Spring
DAT0837,2014,201403,20140318,Winter
DAT0838,2015,201509,20150910,Summer
DAT0839,2012,201209,20120928,Autumn
DAT0840,2018,201803,20180305,Winter
DAT0841,2017,201708,20170806,Summer
DAT0842,2015,201512,20151224,Winter
DAT0843,2012,201208,20120828,Summer
DAT0844,2010,201011,20101118,Autumn
DAT0845,2007,200710,20071012,Autumn
DAT0846,2011,201102,20110210,Winter
DAT0847,2016,201602,20160227,Winter
DAT0848,2011,201111,20111124,Autumn
DAT0849,2024,202407,20240710,Summer
DAT0850,2023,202301,20230120,Winter
DAT0851,2021,202107,20210702,Summer
DAT0852,2023,202310,20231006,Autumn
DAT0853,2023,202301,20230111,Winter
DAT0854,2018,201809,20180904,Summer
DAT0855,2016,201610,20161011,Autumn
DAT0856,2020,202005,20200501,Spring
DAT0857,2024,202408,20240829,Summer
DAT0858,2016,201607,20160719,Summer
DAT0859,2018,201811,20181127,Autumn
DAT0860,2017,201707,20170728,Summer
DAT0861,2023,202302,20230220,Winter
DAT0862,2020,202004,20200425,Spring
DAT0863,2019,201907,20190726,Summer
DAT0864,2019,201911,20191127,Autumn
DAT0865,2020,202012,20201208,Autumn
DAT0866,2025,202502,20250214,Winter
DAT0867,2024,202409,20240911,Summer
DAT0868,2020,202010,20201016,Autumn
DAT0869,2020,202005,20200520,Spring
DAT0870,2021,202104,20210423,Spring
DAT0871,2021,202109,20210916,Summer
DAT0872,2022,202201,20220121,Winter
DAT0873,2021,202110,20211029,Autumn
DAT0874,2020,202004,20200429,Spring
DAT0875,2024,202408,20240830,Summer
DAT0876,2024,202412,20241205,Autumn
DAT0877,2021,202106,20210625,Summer
DAT0878,2024,202401,20240129,Winter
DAT0879,2023,202306,20230607,Spring
DAT0880,2023,202305,20230517,Spring
DAT0881,2024,202403,20240328,Spring
DAT0882,2024,202401,20240119,Winter
DAT0883,2023,202302,20230202,Winter
DAT0884,2025,202501,20250107,Winter
DAT0885,2024,202402,20240208,Winter
DAT0886,2023,202306,20230630,Summer
DAT0887,2024,202403,20240322,Spring
DAT0888,2025,202506,20250605,Spring
DAT0889,2021,202106,20210608,Spring
DAT0890,2024,202406,20240615,Spring
DAT0891,2024,202404,20240402,Spring
DAT0892,2023,202303,20230324,Spring
DAT0893,2024,202406,20240618,Spring
DAT0894,2021,202102,20210210,Winter
DAT0895,2025,202506,20250611,Spring
DAT0896,2022,202204,20220423,Spring
DAT0897,2021,202105,20210524,Spring
DAT0898,2022,202202,20220225,Winter
DAT0899,2025,202507,20250701,Summer
DAT0900,2009,200903,20090323,Spring
DAT0901,2018,201801,20180119,Winter
DAT0902,2016,201609,20160909,Summer
DAT0903,2020,202011,20201120,Autumn
DAT0904,2016,201609,20160901,Summer
DAT0905,2020,202010,20201028,Autumn
DAT0906,2015,201510,20151020,Autumn
DAT0907,2015,201511,20151123,Autumn
DAT0908,2015,201503,20150317,Winter
DAT0909,2015,201502,20150203,Winter
DAT0910,2015,201506,20150609,Spring
DAT0911,2016,201601,20160120,Winter
DAT0912,2015,201506,20150611,Spring
DAT0913,2021,202102,20210212,Winter
DAT0914,2015,201503,20150303,Winter
DAT0915,2019,201903,20190312,Winter
DAT0916,2014,201411,20141120,Autumn
DAT0917,2018,201812,20181207,Autumn
DAT0918,2011,201112,20111204,Autumn
DAT0919,2016,201601,20160110,Winter
DAT0920,2015,201504,20150410,Spring
DAT0921,2014,201412,20141223,Winter
DAT0922,2013,201309,20130915,Summer
DAT0923,2016,201604,20160410,Spring
DAT0924,2020,202012,20201218,Autumn
DAT0925,2014,201404,20140410,Spring
DAT0926,2011,201108,20110817,Summer
DAT0927,2007,200704,20070410,Spring
DAT0928,2022,202210,20221020,Autumn
DAT0929,2013,201304,20130410,Spring
DAT0930,2008,200804,20080410,Spring
DAT0931,2009,200904,20090406,Spring
DAT0932,2014,201405,20140520,Spring
DAT0933,2012,201201,20120125,Winter
DAT0934,2014,201405,20140527,Spring
DAT0935,2013,201312,20131211,Autumn
DAT0936,2007,200711,20071115,Autumn
DAT0937,2018,201802,20180215,Winter
DAT0938,2014,201401,20140127,Winter
DAT0939,2012,201204,20120411,Spring
DAT0940,2010,201012,20101225,Winter
DAT0941,2020,202002,20200218,Winter
DAT0942,2010,201002,20100201,Winter
DAT0943,2020,202004,20200424,Spring
DAT0944,2013,201312,20131213,Autumn
DAT0945,2012,201203,20120305,Winter
DAT0946,2021,202103,20210303,Winter
DAT0947,2012,201212,20121216,Autumn
DAT0948,2010,201004,20100423,Spring
DAT0949,2021,202103,20210319,Winter
DAT0950,2021,202103,20210318,Winter
DAT0951,2010,201007,20100712,Summer
DAT0952,2017,201707,20170718,Summer
DAT0953,2008,200801,20080101,Winter
DAT0954,2006,200605,20060501,Spring
DAT0955,2007,200702,20070218,Winter
DAT0956,2012,201208,20120823,Summer
DAT0957,2015,201509,20150923,Autumn
DAT0958,2006,200605,20060524,Spring
DAT0959,2009,200904,20090401,Spring
DAT0960,2007,200710,20071015,Autumn
DAT0961,2005,200510,20051029,Autumn
DAT0962,2008,200801,20080108,Winter
DAT0963,2013,201311,20131130,Autumn
DAT0964,2007,200702,20070211,Winter
DAT0965,2007,200711,20071117,Autumn
DAT0966,2013,201312,20131201,Autumn
DAT0967,2007,200701,20070118,Winter
DAT0968,2002,200203,20020328,Spring
DAT0969,1994,199402,19940225,Winter
DAT0970,1993,199302,19930225,Winter
DAT0971,2002,200204,20020402,Spring
DAT0972,2002,200203,20020322,Spring
DAT0973,1996,199605,19960514,Spring
DAT0974,2003,200311,20031114,Autumn
DAT0975,2002,200203,20020329,Spring
DAT0976,1998,199804,19980420,Spring
DAT0977,1997,199705,19970514,Spring
DAT0978,1992,199207,19920712,Summer
DAT0979,1998,199805,19980507,Spring
DAT0980,2024,202408,20240805,Summer
DAT0981,1998,199805,19980514,Spring
DAT0982,1993,199312,19931220,Autumn
DAT0983,1999,199912,19991217,Autumn
DAT0984,1999,199912,19991203,Autumn
DAT0985,1993,199301,19930101,Winter
DAT0986,2000,200012,20001207,Autumn
DAT0987,1997,199711,19971117,Autumn
DAT0988,2004,200411,20041112,Autumn
DAT0989,2023,202312,20231208,Autumn
DAT0990,2023,202304,20230428,Spring
DAT0991,1996,199610,19961026,Autumn
DAT0992,1993,199305,19930510,Spring
DAT0993,2003,200301,20030101,Winter
DAT0994,1993,199312,19931225,Winter
DAT0995,2000,200011,20001117,Autumn
DAT0996,1994,199401,19940101,Winter
DAT0997,2003,200311,20031107,Autumn
DAT0998,1996,199611,19961112,Autumn
DAT0999,1996,199601,19960101,Winter
DAT1000,1998,199804,19980423,Spring
DAT1001,2006,200606,20060601,Spring
DAT1002,2001,200104,20010406,Spring
DAT1003,2009,200905,20090522,Spring
DAT1004,1996,199603,19960314,Winter
DAT1005,2006,200606,20060620,Spring
DAT1006,2003,200305,20030523,Spring
DAT1007,2015,201506,20150605,Spring
DAT1008,2013,201306,20130618,Spring
DAT1009,2013,201305,20130524,Spring
DAT1010,2013,201301,20130111,Winter
DAT1011,2009,200906,20090619,Spring
DAT1012,2001,200105,20010511,Spring
DAT1013,2004,200403,20040307,Winter
DAT1014,2007,200706,20070601,Spring
DAT1015,2003,200310,20031003,Autumn
DAT1016,2006,200606,20060609,Spring
DAT1017,2021,202103,20210302,Winter
DAT1018,2009,200906,20090618,Spring
DAT1019,1997,199702,19970202,Winter
DAT1020,1997,199706,19970601,Spring
DAT1021,1992,199202,19920201,Winter
DAT1022,2014,201402,20140220,Winter
DAT1023,2003,200310,20031023,Autumn
DAT1024,2008,200802,20080225,Winter
DAT1025,2003,200310,20031024,Autumn
DAT1026,2008,200802,20080229,Winter
DAT1027,1994,199403,19940307,Winter
DAT1028,2020,202006,20200607,Spring
DAT1029,2011,201109,20110912,Summer
DAT1030,2018,201803,20180302,Winter
DAT1031,2016,201601,20160104,Winter
DAT1032,2016,201605,20160502,Spring
DAT1033,2020,202006,20200605,Spring
DAT1034,2016,201606,20160630,Summer
DAT1035,2016,201601,20160125,Winter
DAT1036,2017,201701,20170113,Winter
DAT1037,2020,202006,20200612,Spring
DAT1038,2022,202212,20221206,Autumn
DAT1039,2018,201802,20180202,Winter
DAT1040,2016,201605,20160519,Spring
DAT1041,2023,202305,20230530,Spring
DAT1042,2020,202001,20200102,Winter
DAT1043,2015,201510,20151015,Autumn
DAT1044,2024,202405,20240524,Spring
DAT1045,2018,201803,20180307,Winter
DAT1046,2016,201601,20160103,Winter
DAT1047,2021,202105,20210504,Spring
DAT1048,2013,201312,20131202,Autumn
DAT1049,2023,202311,20231128,Autumn
DAT1050,2015,201508,20150806,Summer
DAT1051,2013,201310,20131026,Autumn
DAT1052,2016,201603,20160309,Winter
DAT1053,2013,201303,20130310,Winter
DAT1054,2010,201010,20101018,Autumn
DAT1055,2018,201812,20181202,Autumn
DAT1056,2013,201307,20130701,Summer
DAT1057,2019,201907,20190706,Summer
DAT1058,2022,202208,20220824,Summer
DAT1059,2019,201910,20191020,Autumn
DAT1060,2025,202501,20250119,Winter
DAT1061,2017,201709,20170915,Summer
DAT1062,2021,202105,20210507,Spring
DAT1063,2021,202103,20210331,Spring
DAT1064,2003,200306,20030613,Spring
DAT1065,2008,200804,20080411,Spring
DAT1066,2006,200602,20060224,Winter
DAT1067,2011,201103,20110301,Winter
DAT1068,2014,201403,20140304,Winter
DAT1069,2003,200305,20030522,Spring
DAT1070,2006,200603,20060324,Spring
DAT1071,2014,201403,20140321,Spring
DAT1072,2000,200005,20000526,Spring
DAT1073,2003,200305,20030516,Spring
DAT1074,2012,201210,20121025,Autumn
DAT1075,1998,199803,19980331,Spring
DAT1076,1998,199805,19980509,Spring
DAT1077,1998,199802,19980202,Winter
DAT1078,1998,199806,19980603,Spring
DAT1079,1998,199809,19980915,Summer
DAT1080,1998,199804,19980409,Spring
DAT1081,2003,200310,20031016,Autumn
DAT1082,1998,199801,19980105,Winter
DAT1083,1998,199809,19980901,Summer
DAT1084,1998,199803,19980314,Winter
DAT1085,1998,199806,19980615,Spring
DAT1086,1998,199804,19980411,Spring
DAT1087,1998,199805,19980516,Spring
DAT1088,1998,199810,19981025,Autumn
DAT1089,1999,199908,19990803,Summer
DAT1090,2015,201503,20150310,Winter
DAT1091,2005,200510,20051028,Autumn
DAT1092,2000,200004,20000401,Spring
DAT1093,2009,200910,20091022,Autumn
DAT1094,2024,202409,20240919,Summer
DAT1095,2021,202111,20211126,Autumn
DAT1096,2024,202403,20240315,Winter
DAT1097,2024,202412,20241210,Autumn
DAT1098,2021,202110,20211020,Autumn
DAT1099,2024,202405,20240522,Spring
DAT1100,2019,201910,20191024,Autumn
DAT1101,2021,202109,20210903,Summer
DAT1102,1998,199807,19980701,Summer
DAT1103,2004,200409,20040927,Autumn
DAT1104,2002,200209,20020927,Autumn
DAT1105,2017,201703,20170321,Spring
DAT1106,2013,201306,20130610,Spring
DAT1107,2010,201011,20101130,Autumn
DAT1108,2004,200411,20041119,Autumn
DAT1109,2011,201112,20111218,Autumn
DAT1110,1996,199608,19960801,Summer
DAT1111,2016,201612,20161215,Autumn
DAT1112,2007,200711,20071113,Autumn
DAT1113,2012,201202,20120214,Winter
DAT1114,1998,199808,19980801,Summer
DAT1115,2005,200509,20050901,Summer
DAT1116,2009,200911,20091104,Autumn
DAT1117,2004,200410,20041025,Autumn
DAT1118,1992,199205,19920522,Spring
DAT1119,2017,201709,20170901,Summer
DAT1120,2015,201507,20150701,Summer
DAT1121,2018,201812,20181206,Autumn
DAT1122,2006,200610,20061025,Autumn
DAT1123,2011,201112,20111220,Autumn
DAT1124,2013,201306,20130611,Spring
DAT1125,2011,201112,20111211,Autumn
DAT1126,1992,199211,19921101,Autumn
DAT1127,2012,201202,20120216,Winter
DAT1128,2006,200609,20060927,Autumn
DAT1129,1998,199806,19980612,Spring
DAT1130,2016,201606,20160629,Summer
DAT1131,2011,201111,20111101,Autumn
DAT1132,1992,199206,19920605,Spring
DAT1133,2004,200412,20041220,Autumn
DAT1134,2004,200407,20040709,Summer
DAT1135,1992,199210,19921002,Autumn
DAT1136,2006,200610,20061006,Autumn
DAT1137,2004,200405,20040529,Spring
DAT1138,2004,200405,20040530,Spring
DAT1139,2006,200611,20061101,Autumn
DAT1140,2010,201011,20101101,Autumn
DAT1141,2010,201011,20101109,Autumn
DAT1142,1992,199201,19920101,Winter
DAT1143,2008,200810,20081025,Autumn
DAT1144,1992,199211,19921120,Autumn
DAT1145,2006,200611,20061112,Autumn
DAT1146,2006,200611,20061109,Autumn
DAT1147,1992,199201,19920113,Winter
DAT1148,2006,200606,20060610,Spring
DAT1149,2004,200411,20041120,Autumn
DAT1150,2008,200811,20081112,Autumn
DAT1151,2004,200403,20040317,Winter
DAT1152,1993,199309,19930901,Summer
DAT1153,2007,200710,20071006,Autumn
DAT1154,2006,200610,20061030,Autumn
DAT1155,2009,200911,20091101,Autumn
DAT1156,1993,199304,19930419,Spring
DAT1157,1993,199302,19930214,Winter
DAT1158,2016,201610,20161014,Autumn
DAT1159,2016,201605,20160510,Spring
DAT1160,2016,201602,20160229,Winter
DAT1161,2017,201705,20170512,Spring
DAT1162,2018,201801,20180126,Winter
DAT1163,2017,201702,20170203,Winter
DAT1164,2015,201512,20151215,Autumn
DAT1165,2015,201510,20151012,Autumn
DAT1166,2020,202002,20200220,Winter
DAT1167,2014,201404,20140409,Spring
DAT1168,2016,201601,20160126,Winter
DAT1169,2015,201502,20150209,Winter
DAT1170,2015,201507,20150713,Summer
DAT1171,2021,202106,20210622,Summer
DAT1172,2020,202011,20201113,Autumn
DAT1173,2017,201711,20171124,Autumn
DAT1174,2019,201904,20190415,Spring
DAT1175,2022,202204,20220415,Spring
DAT1176,2015,201511,20151112,Autumn
DAT1177,2022,202205,20220517,Spring
DAT1178,2017,201701,20170118,Winter
DAT1179,2015,201512,20151219,Autumn
DAT1180,2017,201701,20170131,Winter
DAT1181,2016,201607,20160727,Summer
DAT1182,2014,201403,20140331,Spring
DAT1183,2019,201903,20190318,Winter
DAT1184,2013,201305,20130520,Spring
DAT1185,2013,201306,20130601,Spring
DAT1186,2020,202003,20200316,Winter
DAT1187,2012,201210,20121031,Autumn
DAT1188,2013,201308,20130801,Summer
DAT1189,2018,201809,20180901,Summer
DAT1190,2016,201605,20160525,Spring
DAT1191,2015,201506,20150612,Spring
DAT1192,2020,202009,20200917,Summer
DAT1193,2018,201808,20180803,Summer
DAT1194,2019,201910,20191018,Autumn
DAT1195,2014,201409,20140902,Summer
DAT1196,2019,201902,20190201,Winter
DAT1197,2019,201901,20190125,Winter
DAT1198,2019,201901,20190107,Winter
DAT1199,2012,201211,20121113,Autumn
DAT1200,2021,202110,20211024,Autumn
DAT1201,2019,201910,20191001,Autumn
DAT1202,2021,202103,20210305,Winter
DAT1203,2012,201212,20121228,Winter
DAT1204,2012,201205,20120521,Spring
DAT1205,2019,201901,20190121,Winter
DAT1206,2009,200906,20090607,Spring
DAT1207,2014,201407,20140701,Summer
DAT1208,2010,201005,20100522,Spring
DAT1209,2015,201510,20151001,Autumn
DAT1210,2008,200804,20080412,Spring
DAT1211,2008,200803,20080322,Spring
DAT1212,2012,201205,20120523,Spring
DAT1213,2015,201510,20151010,Autumn
DAT1214,2010,201006,20100607,Spring
DAT1215,2013,201311,20131124,Autumn
DAT1216,2019,201910,20191008,Autumn
DAT1217,2022,202203,20220321,Spring
DAT1218,2020,202012,20201215,Autumn
DAT1219,2009,200901,20090126,Winter
DAT1220,2010,201005,20100520,Spring
DAT1221,2022,202204,20220404,Spring
DAT1222,2020,202003,20200317,Winter
DAT1223,2016,201607,20160721,Summer
DAT1224,2018,201812,20181214,Autumn
DAT1225,2019,201906,20190617,Spring
DAT1226,2020,202002,20200228,Winter
DAT1227,2018,201809,20180913,Summer
DAT1228,2019,201905,20190528,Spring
DAT1229,2022,202207,20220718,Summer
DAT1230,2018,201809,20180919,Summer
DAT1231,2019,201904,20190401,Spring
DAT1232,2019,201908,20190810,Summer
DAT1233,2020,202001,20200105,Winter
DAT1234,2017,201710,20171008,Autumn
DAT1235,2021,202104,20210406,Spring
DAT1236,2016,201608,20160829,Summer
DAT1237,2018,201801,20180118,Winter
DAT1238,2014,201404,20140403,Spring
DAT1239,2008,200810,20081031,Autumn
DAT1240,2018,201801,20180103,Winter
DAT1241,2017,201712,20171213,Autumn
DAT1242,2014,201403,20140307,Winter
DAT1243,2007,200706,20070629,Summer
DAT1244,2017,201704,20170419,Spring
DAT1245,2019,201901,20190109,Winter
DAT1246,2018,201811,20181106,Autumn
DAT1247,2014,201405,20140519,Spring
DAT1248,2014,201404,20140424,Spring
DAT1249,2018,201811,20181114,Autumn
DAT1250,2016,201606,20160620,Spring
DAT1251,2019,201907,20190730,Summer
DAT1252,2017,201701,20170109,Winter
DAT1253,2017,201704,20170403,Spring
DAT1254,2019,201907,20190709,Summer
DAT1255,2018,201804,20180424,Spring
DAT1256,2013,201303,20130319,Winter
DAT1257,2017,201704,20170424,Spring
DAT1258,2015,201509,20150911,Summer
DAT1259,2015,201509,20150918,Summer
DAT1260,2016,201606,20160627,Summer
DAT1261,2016,201610,20161010,Autumn
DAT1262,2020,202002,20200214,Winter
DAT1263,2017,201701,20170126,Winter
DAT1264,2020,202003,20200324,Spring
DAT1265,2017,201701,20170102,Winter
DAT1266,2016,201607,20160704,Summer
DAT1267,2021,202103,20210312,Winter
DAT1268,2016,201609,20160922,Summer
DAT1269,2021,202101,20210111,Winter
DAT1270,2016,201605,20160516,Spring
DAT1271,2013,201303,20130315,Winter
DAT1272,2016,201609,20160919,Summer
DAT1273,2019,201908,20190823,Summer
DAT1274,2004,200405,20040511,Spring
DAT1275,2019,201906,20190625,Summer
DAT1276,2020,202012,20201204,Autumn
DAT1277,2016,201603,20160330,Spring
DAT1278,2021,202102,20210223,Winter
DAT1279,2021,202107,20210729,Summer
DAT1280,2010,201009,20100903,Summer
DAT1281,2016,201608,20160801,Summer
DAT1282,2006,200601,20060130,Winter
DAT1283,2004,200403,20040311,Winter
DAT1284,2016,201612,20161227,Winter
DAT1285,2016,201610,20161017,Autumn
DAT1286,2020,202011,20201115,Autumn
DAT1287,2021,202107,20210730,Summer
DAT1288,2011,201105,20110524,Spring
DAT1289,2021,202106,20210630,Summer
DAT1290,2010,201005,20100511,Spring
DAT1291,2010,201005,20100518,Spring
DAT1292,2014,201404,20140417,Spring
DAT1293,2009,200912,20091215,Autumn
DAT1294,2008,200802,20080228,Winter
DAT1295,2009,200910,20091004,Autumn
DAT1296,2021,202105,20210503,Spring
DAT1297,2007,200706,20070602,Spring
DAT1298,2015,201503,20150316,Winter
DAT1299,2008,200804,20080403,Spring
DAT1300,2025,202503,20250321,Spring
DAT1301,2024,202401,20240109,Winter
DAT1302,2012,201201,20120112,Winter
DAT1303,2021,202107,20210712,Summer
DAT1304,2015,201510,20151016,Autumn
DAT1305,2014,201405,20140508,Spring
DAT1306,2009,200907,20090712,Summer
DAT1307,2009,200907,20090715,Summer
DAT1308,2012,201201,20120131,Winter
DAT1309,2011,201111,20111128,Autumn
DAT1310,2010,201012,20101213,Autumn
DAT1311,2020,202003,20200301,Winter
DAT1312,2019,201909,20190903,Summer
DAT1313,2023,202308,20230825,Summer
DAT1314,2020,202006,20200618,Spring
DAT1315,2017,201712,20171201,Autumn
DAT1316,2019,201911,20191126,Autumn
DAT1317,2021,202101,20210120,Winter
DAT1318,2018,201802,20180220,Winter
DAT1319,2018,201804,20180417,Spring
DAT1320,2019,201905,20190507,Spring
DAT1321,2019,201908,20190826,Summer
DAT1322,2017,201701,20170103,Winter
DAT1323,2018,201806,20180611,Spring
DAT1324,2019,201908,20190801,Summer
DAT1325,2018,201802,20180206,Winter
DAT1326,2023,202309,20230915,Summer
DAT1327,2019,201907,20190718,Summer
DAT1328,2020,202002,20200203,Winter
DAT1329,2020,202002,20200210,Winter
DAT1330,2017,201701,20170119,Winter
DAT1331,2022,202201,20220129,Winter
DAT1332,2021,202108,20210824,Summer
DAT1333,2020,202002,20200219,Winter
DAT1334,2023,202307,20230704,Summer
DAT1335,2023,202310,20231022,Autumn
DAT1336,2015,201512,20151210,Autumn
DAT1337,2016,201612,20161219,Autumn
DAT1338,2021,202104,20210429,Spring
DAT1339,2018,201801,20180127,Winter
DAT1340,2023,202305,20230516,Spring
DAT1341,2020,202003,20200321,Spring
DAT1342,2016,201612,20161216,Autumn
DAT1343,2023,202301,20230129,Winter
DAT1344,2019,201908,20190827,Summer
DAT1345,2023,202306,20230614,Spring
DAT1346,2015,201510,20151019,Autumn
DAT1347,2013,201310,20131002,Autumn
DAT1348,2015,201503,20150309,Winter
DAT1349,2016,201610,20161025,Autumn
DAT1350,2015,201512,20151209,Autumn
DAT1351,2016,201602,20160209,Winter
DAT1352,2024,202406,20240627,Summer
DAT1353,2016,201602,20160231,Winter
DAT1354,2025,202501,20250117,Winter
DAT1355,2025,202502,20250228,Winter
DAT1356,2023,202311,20231114,Autumn
DAT1357,2025,202501,20250116,Winter
DAT1358,2022,202212,20221213,Autumn
DAT1359,2018,201801,20180122,Winter
DAT1360,2017,201707,20170731,Summer
DAT1361,2016,201609,20160926,Autumn
DAT1362,2016,201607,20160715,Summer
DAT1363,2016,201606,20160608,Spring
DAT1364,2018,201806,20180621,Summer
DAT1365,2019,201901,20190118,Winter
DAT1366,2022,202204,20220401,Spring
DAT1367,2019,201906,20190618,Spring
DAT1368,2016,201606,20160621,Summer
DAT1369,2025,202504,20250423,Spring
DAT1370,2015,201502,20150202,Winter
DAT1371,2016,201605,20160531,Spring
DAT1372,2015,201506,20150619,Spring
DAT1373,2020,202005,20200509,Spring
DAT1374,2025,202503,20250326,Spring
DAT1375,2013,201310,20131018,Autumn
DAT1376,2013,201309,20130920,Summer
DAT1377,2022,202210,20221021,Autumn
DAT1378,2023,202305,20230510,Spring
DAT1379,2023,202312,20231212,Autumn
DAT1380,2010,201009,20100913,Summer
DAT1381,2023,202310,20231007,Autumn
DAT1382,2017,201706,20170615,Spring
DAT1383,2015,201507,20150707,Summer
DAT1384,2013,201304,20130412,Spring
DAT1385,2020,202006,20200625,Summer
DAT1386,2019,201905,20190531,Spring
DAT1387,2018,201810,20181026,Autumn
DAT1388,2012,201212,20121203,Autumn
DAT1389,2017,201702,20170217,Winter
DAT1390,2015,201506,20150608,Spring
DAT1391,2011,201109,20110923,Autumn
DAT1392,2016,201604,20160428,Spring
DAT1393,2013,201303,20130312,Winter
DAT1394,2012,201205,20120531,Spring
DAT1395,2008,200810,20081016,Autumn
DAT1396,2012,201209,20120923,Autumn
DAT1397,2010,201001,20100130,Winter
DAT1398,2008,200804,20080420,Spring
DAT1399,2024,202412,20241206,Autumn
DAT1400,2020,202011,20201110,Autumn
DAT1401,2012,201206,20120615,Spring
DAT1402,2010,201006,20100602,Spring
DAT1403,2022,202202,20220201,Winter
DAT1404,2008,200806,20080613,Spring
DAT1405,2013,201307,20130717,Summer
DAT1406,2014,201412,20141212,Autumn
DAT1407,2017,201701,20170127,Winter
DAT1408,2013,201304,20130430,Spring
DAT1409,2010,201010,20101008,Autumn
DAT1410,2015,201501,20150123,Winter
DAT1411,2022,202202,20220205,Winter
DAT1412,2006,200604,20060401,Spring
DAT1413,2014,201412,20141202,Autumn
DAT1414,2024,202402,20240202,Winter
DAT1415,2020,202005,20200512,Spring
DAT1416,2024,202402,20240201,Winter
DAT1417,2006,200604,20060426,Spring
DAT1418,2020,202006,20200609,Spring
DAT1419,2013,201302,20130228,Winter
DAT1420,2022,202206,20220615,Spring
DAT1421,2011,201110,20111008,Autumn
DAT1422,2013,201304,20130416,Spring
DAT1423,2011,201104,20110401,Spring
DAT1424,2013,201303,20130326,Spring
DAT1425,2022,202203,20220303,Winter
DAT1426,2014,201411,20141118,Autumn
DAT1427,2012,201210,20121017,Autumn
DAT1428,2017,201705,20170524,Spring
DAT1429,2011,201103,20110319,Winter
DAT1430,2014,201405,20140526,Spring
DAT1431,2011,201101,20110129,Winter
DAT1432,2011,201109,20110920,Summer
DAT1433,2011,201109,20110922,Summer
DAT1434,2010,201010,20101025,Autumn
DAT1435,2012,201203,20120309,Winter
DAT1436,2018,201804,20180419,Spring
DAT1437,2023,202309,20230913,Summer
DAT1438,2023,202301,20230106,Winter
DAT1439,2019,201903,20190322,Spring
DAT1440,2018,201807,20180730,Summer
DAT1441,2021,202105,20210520,Spring
DAT1442,2019,201910,20191010,Autumn
DAT1443,2022,202211,20221118,Autumn
DAT1444,2018,201806,20180605,Spring
DAT1445,2024,202402,20240210,Winter
DAT1446,2024,202411,20241120,Autumn
DAT1447,2018,201810,20181018,Autumn
DAT1448,2019,201912,20191221,Winter
DAT1449,2024,202402,20240209,Winter
DAT1450,2020,202007,20200715,Summer
DAT1451,2020,202011,20201105,Autumn
DAT1452,1999,199901,19990119,Winter
DAT1453,2016,201601,20160115,Winter
DAT1454,2017,201704,20170406,Spring
DAT1455,2015,201512,20151222,Winter
DAT1456,2018,201810,20181023,Autumn
DAT1457,2015,201503,20150325,Spring
DAT1458,2017,201706,20170605,Spring
DAT1459,2016,201606,20160615,Spring
DAT1460,2020,202006,20200616,Spring
DAT1461,2018,201801,20180104,Winter
DAT1462,2021,202106,20210601,Spring
DAT1463,2017,201710,20171002,Autumn
DAT1464,2017,201702,20170202,Winter
DAT1465,2017,201712,20171224,Winter
DAT1466,2014,201412,20141210,Autumn
DAT1467,2018,201805,20180531,Spring
DAT1468,2015,201503,20150304,Winter
DAT1469,2013,201309,20130922,Summer
DAT1470,2017,201711,20171101,Autumn
DAT1471,2017,201702,20170215,Winter
DAT1472,2017,201705,20170525,Spring
DAT1473,2016,201610,20161021,Autumn
DAT1474,2019,201906,20190613,Spring
DAT1475,2018,201802,20180227,Winter
DAT1476,2017,201704,20170415,Spring
DAT1477,2017,201701,20170122,Winter
DAT1478,2016,201601,20160102,Winter
DAT1479,2018,201807,20180716,Summer
DAT1480,2005,200509,20050926,Autumn
DAT1481,2015,201510,20151014,Autumn
DAT1482,2021,202107,20210701,Summer
DAT1483,2016,201611,20161109,Autumn
DAT1484,2016,201602,20160208,Winter
DAT1485,2017,201701,20170129,Winter
DAT1486,2015,201506,20150603,Spring
DAT1487,2020,202001,20200115,Winter
DAT1488,2025,202505,20250507,Spring
DAT1489,2022,202208,20220826,Summer
DAT1490,2024,202404,20240411,Spring
DAT1491,2017,201710,20171025,Autumn
DAT1492,2012,201211,20121106,Autumn
DAT1493,2018,201810,20181012,Autumn
DAT1494,2018,201801,20180110,Winter
DAT1495,2015,201506,20150618,Spring
DAT1496,2012,201201,20120124,Winter
DAT1497,2014,201405,20140528,Spring
DAT1498,2016,201610,20161006,Autumn
DAT1499,2016,201606,20160606,Spring
DAT1500,2013,201310,20131022,Autumn
DAT1501,2013,201310,20131021,Autumn
DAT1502,2016,201605,20160520,Spring
DAT1503,2013,201310,20131008,Autumn
DAT1504,2010,201010,20101011,Autumn
DAT1505,2013,201312,20131209,Autumn
DAT1506,2014,201406,20140610,Spring
DAT1507,2025,202502,20250204,Winter
DAT1508,2009,200912,20091217,Autumn
DAT1509,2012,201206,20120630,Summer
DAT1510,2023,202311,20231124,Autumn
DAT1511,2011,201107,20110726,Summer
DAT1512,2020,202006,20200617,Spring
DAT1513,2011,201112,20111231,Winter
DAT1514,2015,201505,20150518,Spring
DAT1515,2010,201010,20101014,Autumn
DAT1516,2011,201112,20111212,Autumn
DAT1517,2012,201201,20120106,Winter
DAT1518,2013,201307,20130713,Summer
DAT1519,2013,201309,20130911,Summer
DAT1520,2021,202107,20210721,Summer
DAT1521,2011,201112,20111205,Autumn
DAT1522,2014,201412,20141204,Autumn
DAT1523,2020,202003,20200312,Winter
DAT1524,2011,201111,20111121,Autumn
DAT1525,2011,201111,20111129,Autumn
DAT1526,2011,201104,20110402,Spring
DAT1527,2021,202106,20210602,Spring
DAT1528,2009,200905,20090507,Spring
DAT1529,2007,200711,20071129,Autumn
DAT1530,2010,201005,20100516,Spring
DAT1531,2009,200907,20090730,Summer
DAT1532,2013,201310,20131016,Autumn
DAT1533,2022,202208,20220819,Summer
DAT1534,2014,201403,20140301,Winter
DAT1535,2015,201503,20150323,Spring
DAT1536,2014,201407,20140723,Summer
DAT1537,2013,201308,20130812,Summer
DAT1538,2013,201310,20131028,Autumn
DAT1539,2015,201503,20150331,Spring
DAT1540,2018,201805,20180504,Spring
DAT1541,2016,201611,20161118,Autumn
DAT1542,2016,201605,20160506,Spring
DAT1543,2017,201710,20171027,Autumn
DAT1544,2015,201504,20150424,Spring
DAT1545,2017,201701,20170120,Winter
DAT1546,2015,201502,20150220,Winter
DAT1547,2009,200906,20090612,Spring
DAT1548,2006,200609,20060908,Summer
DAT1549,2019,201905,20190513,Spring
DAT1550,2006,200610,20061001,Autumn
DAT1551,2006,200610,20061013,Autumn
DAT1552,2011,201108,20110826,Summer
DAT1553,2011,201108,20110830,Summer
DAT1554,2009,200901,20090123,Winter
DAT1555,2021,202108,20210827,Summer
DAT1556,2007,200706,20070615,Spring
DAT1557,2008,200812,20081219,Autumn
DAT1558,2009,200901,20090122,Winter
DAT1559,2012,201205,20120508,Spring
DAT1560,2023,202303,20230323,Spring
DAT1561,2012,201205,20120520,Spring
DAT1562,2012,201204,20120420,Spring
DAT1563,2008,200811,20081128,Autumn
DAT1564,2014,201401,20140120,Winter
DAT1565,2015,201512,20151204,Autumn
DAT1566,2023,202302,20230217,Winter
DAT1567,2021,202103,20210304,Winter
DAT1568,2014,201406,20140624,Summer
DAT1569,2019,201909,20190925,Autumn
DAT1570,2006,200601,20060105,Winter
DAT1571,2024,202404,20240425,Spring
DAT1572,2014,201405,20140506,Spring
DAT1573,2013,201310,20131001,Autumn
DAT1574,2019,201904,20190426,Spring
DAT1575,2018,201807,20180706,Summer
DAT1576,2015,201504,20150430,Spring
DAT1577,2022,202204,20220422,Spring
DAT1578,2011,201112,20111226,Winter
DAT1579,2015,201502,20150207,Winter
DAT1580,2005,200505,20050501,Spring
DAT1581,2025,202502,20250201,Winter
DAT1582,2006,200612,20061220,Autumn
DAT1583,2006,200612,20061202,Autumn
DAT1584,2025,202505,20250528,Spring
DAT1585,1993,199306,19930612,Spring
DAT1586,2011,201110,20111018,Autumn
DAT1587,2000,200005,20000504,Spring
DAT1588,1996,199606,19960612,Spring
DAT1589,2001,200106,20010612,Spring
DAT1590,1992,199206,19920612,Spring
DAT1591,2012,201206,20120612,Spring
DAT1592,2021,202105,20210525,Spring
DAT1593,2011,201111,20111103,Autumn
DAT1594,2011,201107,20110720,Summer
DAT1595,2016,201609,20160923,Autumn
DAT1596,2014,201406,20140617,Spring
DAT1597,2011,201108,20110812,Summer
DAT1598,2011,201104,20110429,Spring
DAT1599,2007,200707,20070717,Summer
DAT1600,2011,201106,20110613,Spring
DAT1601,2014,201405,20140530,Spring
DAT1602,2018,201810,20181027,Autumn
DAT1603,2010,201010,20101009,Autumn
DAT1604,2010,201002,20100214,Winter
DAT1605,2014,201406,20140616,Spring
DAT1606,2011,201103,20110317,Winter
DAT1607,2008,200801,20080111,Winter
DAT1608,2025,202506,20250618,Spring
DAT1609,1998,199810,19981006,Autumn
DAT1610,2024,202411,20241126,Autumn
DAT1611,2025,202505,20250525,Spring
DAT1612,2025,202501,20250130,Winter
DAT1613,2008,200803,20080331,Spring
DAT1614,2024,202412,20241231,Winter
DAT1615,2013,201304,20130415,Spring
DAT1616,2016,201608,20160826,Summer
DAT1617,2020,202012,20201209,Autumn
DAT1618,2020,202006,20200619,Spring
DAT1619,2016,201609,20160921,Summer
DAT1620,2019,201904,20190405,Spring
DAT1621,2017,201711,20171103,Autumn
DAT1622,2016,201611,20161108,Autumn
DAT1623,2017,201702,20170228,Winter
DAT1624,2016,201603,20160322,Spring
DAT1625,2019,201903,20190327,Spring
DAT1626,2017,201704,20170411,Spring
DAT1627,2018,201806,20180628,Summer
DAT1628,2016,201606,20160624,Summer
DAT1629,2022,202209,20220926,Autumn
DAT1630,2018,201805,20180521,Spring
DAT1631,2016,201606,20160607,Spring
DAT1632,2013,201305,20130527,Spring
DAT1633,2013,201309,20130902,Summer
DAT1634,2019,201904,20190420,Spring
DAT1635,2013,201311,20131103,Autumn
DAT1636,2013,201306,20130620,Spring
DAT1637,2013,201306,20130602,Spring
DAT1638,2014,201411,20141126,Autumn
DAT1639,2025,202504,20250407,Spring
DAT1640,2021,202107,20210709,Summer
DAT1641,2020,202005,20200514,Spring
DAT1642,2021,202106,20210609,Spring
DAT1643,2023,202304,20230413,Spring
DAT1644,2011,201110,20111013,Autumn
DAT1645,2024,202411,20241101,Autumn
DAT1646,2011,201105,20110514,Spring
DAT1647,2023,202303,20230309,Winter
DAT1648,2019,201912,20191219,Autumn
DAT1649,2011,201107,20110714,Summer
DAT1650,2005,200505,20050505,Spring
DAT1651,2005,200510,20051003,Autumn
DAT1652,2005,200507,20050715,Summer
DAT1653,1999,199903,19990315,Winter
DAT1654,1999,199905,19990510,Spring
DAT1655,2003,200309,20030905,Summer
DAT1656,2009,200911,20091119,Autumn
DAT1657,2017,201712,20171208,Autumn
DAT1658,2003,200309,20030901,Summer
DAT1659,2014,201411,20141128,Autumn
DAT1660,2007,200703,20070330,Spring
DAT1661,2010,201009,20100928,Autumn
DAT1662,2015,201502,20150210,Winter
DAT1663,1999,199905,19990516,Spring
DAT1664,2007,200701,20070119,Winter
DAT1665,2015,201504,20150403,Spring
DAT1666,2022,202201,20220107,Winter
DAT1667,2008,200811,20081130,Autumn
DAT1668,2009,200911,20091113,Autumn
DAT1669,2008,200811,20081121,Autumn
DAT1670,1999,199901,19990105,Winter
DAT1671,2007,200702,20070223,Winter
DAT1672,1999,199912,19991202,Autumn
DAT1673,1999,199904,19990403,Spring
DAT1674,1999,199902,19990212,Winter
DAT1675,2010,201006,20100604,Spring
DAT1676,1999,199909,19990922,Summer
DAT1677,2015,201502,20150212,Winter
DAT1678,1999,199910,19991018,Autumn
DAT1679,2009,200905,20090520,Spring
DAT1680,2010,201008,20100830,Summer
DAT1681,1999,199904,19990410,Spring
DAT1682,2009,200905,20090516,Spring
DAT1683,2004,200404,20040410,Spring
DAT1684,1999,199904,19990407,Spring
DAT1685,2019,201909,20190912,Summer
DAT1686,2022,202202,20220218,Winter
DAT1687,2019,201902,20190215,Winter
DAT1688,2021,202111,20211111,Autumn
DAT1689,2025,202503,20250320,Spring
DAT1690,2023,202301,20230126,Winter
DAT1691,2017,201705,20170522,Spring
DAT1692,2022,202212,20221209,Autumn
DAT1693,2019,201909,20190913,Summer
DAT1694,2024,202410,20241004,Autumn
DAT1695,2019,201907,20190725,Summer
DAT1696,2021,202110,20211005,Autumn
DAT1697,2019,201903,20190330,Spring
DAT1698,2023,202312,20231230,Winter
DAT1699,2023,202305,20230525,Spring
DAT1700,2017,201705,20170506,Spring
DAT1701,2018,201805,20180502,Spring
DAT1702,2017,201707,20170721,Summer
DAT1703,2017,201703,20170314,Winter
DAT1704,2017,201709,20170919,Summer
DAT1705,2018,201806,20180620,Spring
DAT1706,2016,201603,20160321,Spring
DAT1707,2020,202004,20200416,Spring
DAT1708,2017,201708,20170811,Summer
DAT1709,2020,202003,20200305,Winter
DAT1710,2020,202012,20201210,Autumn
DAT1711,2016,201606,20160623,Summer
DAT1712,2017,201706,20170606,Spring
DAT1713,2017,201711,20171106,Autumn
DAT1714,2017,201707,20170711,Summer
DAT1715,2021,202104,20210407,Spring
DAT1716,2020,202004,20200427,Spring
DAT1717,2012,201203,20120323,Spring
DAT1718,2020,202003,20200322,Spring
DAT1719,2025,202506,20250620,Spring
DAT1720,2018,201801,20180105,Winter
DAT1721,2016,201606,20160602,Spring
DAT1722,2017,201706,20170620,Spring
DAT1723,2015,201508,20150823,Summer
DAT1724,2015,201505,20150512,Spring
DAT1725,2014,201410,20141001,Autumn
DAT1726,2023,202310,20231020,Autumn
DAT1727,2025,202503,20250306,Winter
DAT1728,2009,200907,20090701,Summer
DAT1729,2016,201601,20160118,Winter
DAT1730,2018,201812,20181228,Winter
DAT1731,2014,201405,20140524,Spring
DAT1732,2012,201207,20120713,Summer
DAT1733,2017,201707,20170720,Summer
DAT1734,2012,201211,20121130,Autumn
DAT1735,2009,200910,20091016,Autumn
DAT1736,2014,201412,20141230,Winter
DAT1737,2014,201405,20140513,Spring
DAT1738,2015,201512,20151220,Autumn
DAT1739,2015,201511,20151120,Autumn
DAT1740,2011,201110,20111015,Autumn
DAT1741,2015,201512,20151217,Autumn
DAT1742,2011,201105,20110528,Spring
DAT1743,2014,201408,20140806,Summer
DAT1744,2014,201404,20140404,Spring
DAT1745,2010,201011,20101116,Autumn
DAT1746,2010,201010,20101022,Autumn
DAT1747,2012,201206,20120610,Spring
DAT1748,2015,201511,20151119,Autumn
DAT1749,2021,202105,20210506,Spring
DAT1750,2012,201207,20120712,Summer
DAT1751,2016,201610,20161028,Autumn
DAT1752,2021,202105,20210515,Spring
DAT1753,2011,201102,20110224,Winter
DAT1754,2013,201301,20130128,Winter
DAT1755,2010,201001,20100129,Winter
DAT1756,2020,202007,20200728,Summer
DAT1757,2017,201705,20170505,Spring
DAT1758,2022,202205,20220530,Spring
DAT1759,2006,200603,20060330,Spring
DAT1760,2010,201003,20100330,Spring
DAT1761,2011,201102,20110219,Winter
DAT1762,2010,201006,20100612,Spring
DAT1763,2020,202004,20200403,Spring
DAT1764,2010,201002,20100221,Winter
DAT1765,2020,202006,20200623,Summer
DAT1766,2007,200707,20070725,Summer
DAT1767,2011,201105,20110521,Spring
DAT1768,2018,201803,20180316,Winter
DAT1769,2017,201709,20170912,Summer
DAT1770,2018,201807,20180702,Summer
DAT1771,2017,201708,20170807,Summer
DAT1772,2024,202411,20241108,Autumn
DAT1773,2017,201701,20170108,Winter
DAT1774,2015,201512,20151213,Autumn
DAT1775,2016,201612,20161226,Winter
DAT1776,2021,202103,20210321,Spring
DAT1777,2017,201706,20170611,Spring
DAT1778,2024,202412,20241219,Autumn
DAT1779,2024,202401,20240130,Winter
DAT1780,2019,201905,20190521,Spring
DAT1781,2017,201705,20170515,Spring
DAT1782,2016,201611,20161107,Autumn
DAT1783,2016,201610,20161027,Autumn
DAT1784,2024,202403,20240314,Winter
DAT1785,2015,201507,20150712,Summer
DAT1786,2016,201602,20160202,Winter
DAT1787,2025,202502,20250216,Winter
DAT1788,2024,202405,20240516,Spring
DAT1789,2012,201207,20120706,Summer
DAT1790,2023,202304,20230410,Spring
DAT1791,2016,201607,20160706,Summer
DAT1792,2015,201505,20150506,Spring
DAT1793,2015,201506,20150606,Spring
DAT1794,2019,201905,20190512,Spring
DAT1795,2024,202408,20240823,Summer
DAT1796,2021,202112,20211221,Winter
DAT1797,2024,202405,20240531,Spring
DAT1798,2022,202205,20220525,Spring
DAT1799,2021,202109,20210902,Summer
DAT1800,2023,202312,20231222,Winter
DAT1801,2024,202409,20240927,Autumn
DAT1802,2022,202208,20220822,Summer
DAT1803,2022,202210,20221006,Autumn
DAT1804,2022,202209,20220921,Summer
DAT1805,2023,202305,20230502,Spring
DAT1806,2021,202101,20210125,Winter
DAT1807,2020,202011,20201103,Autumn
DAT1808,2022,202204,20220427,Spring
DAT1809,2021,202103,20210315,Winter
DAT1810,2022,202212,20221224,Winter
DAT1811,2022,202208,20220802,Summer
DAT1812,2018,201807,20180727,Summer
DAT1813,2021,202103,20210324,Spring
DAT1814,2024,202411,20241106,Autumn
DAT1815,2024,202410,20241010,Autumn
DAT1816,2023,202302,20230222,Winter
DAT1817,2015,201504,20150427,Spring
DAT1818,2023,202311,20231109,Autumn
DAT1819,2020,202001,20200108,Winter
DAT1820,2022,202208,20220805,Summer
DAT1821,2023,202304,20230405,Spring
DAT1822,2018,201811,20181109,Autumn
DAT1823,2009,200906,20090604,Spring
DAT1824,2015,201510,20151002,Autumn
DAT1825,2013,201304,20130409,Spring
DAT1826,2015,201506,20150601,Spring
DAT1827,2018,201803,20180330,Spring
DAT1828,2005,200508,20050806,Summer
DAT1829,2005,200507,20050722,Summer
DAT1830,2007,200703,20070309,Winter
DAT1831,2005,200507,20050701,Summer
DAT1832,2011,201103,20110327,Spring
DAT1833,2014,201410,20141027,Autumn
DAT1834,2008,200803,20080302,Winter
DAT1835,2014,201410,20141028,Autumn
DAT1836,2009,200905,20090518,Spring
DAT1837,2009,200905,20090509,Spring
DAT1838,2008,200803,20080313,Winter
DAT1839,2023,202303,20230327,Spring
DAT1840,2006,200608,20060806,Summer
DAT1841,2009,200905,20090511,Spring
DAT1842,2009,200905,20090513,Spring
DAT1843,2009,200905,20090501,Spring
DAT1844,2009,200905,20090502,Spring
DAT1845,2009,200905,20090503,Spring
DAT1846,2008,200802,20080203,Winter
DAT1847,2009,200905,20090523,Spring
DAT1848,2009,200911,20091118,Autumn
DAT1849,2016,201603,20160310,Winter
DAT1850,2016,201602,20160226,Winter
DAT1851,2022,202211,20221124,Autumn
DAT1852,2009,200910,20091010,Autumn
DAT1853,2013,201305,20130530,Spring
DAT1854,2012,201207,20120717,Summer
DAT1855,2012,201207,20120718,Summer
DAT1856,2009,200909,20090923,Autumn
DAT1857,2013,201305,20130531,Spring
DAT1858,2005,200503,20050318,Winter
DAT1859,2017,201704,20170418,Spring
DAT1860,2009,200912,20091204,Autumn
DAT1861,2011,201111,20111125,Autumn
DAT1862,2009,200910,20091015,Autumn
DAT1863,2016,201611,20161102,Autumn
DAT1864,2013,201303,20130311,Winter
DAT1865,2021,202110,20211006,Autumn
DAT1866,2016,201606,20160628,Summer
DAT1867,2012,201212,20121217,Autumn
DAT1868,2015,201508,20150828,Summer
DAT1869,2011,201106,20110620,Spring
DAT1870,2021,202109,20210923,Autumn
DAT1871,2012,201209,20120924,Autumn
DAT1872,2020,202001,20200109,Winter
DAT1873,2016,201603,20160317,Winter
DAT1874,2022,202205,20220518,Spring
DAT1875,2022,202210,20221014,Autumn
DAT1876,2016,201601,20160113,Winter
DAT1877,2011,201111,20111111,Autumn
DAT1878,2021,202111,20211115,Autumn
DAT1879,2005,200502,20050210,Winter
DAT1880,2017,201712,20171227,Winter
DAT1881,2025,202505,20250508,Spring
DAT1882,2010,201005,20100531,Spring
DAT1883,2020,202004,20200415,Spring
DAT1884,2025,202502,20250219,Winter
DAT1885,2015,201512,20151201,Autumn
DAT1886,2016,201601,20160121,Winter
DAT1887,2002,200201,20020117,Winter
DAT1888,2021,202109,20210917,Summer
DAT1889,2016,201610,20161026,Autumn
DAT1890,2010,201010,20101010,Autumn
DAT1891,2013,201306,20130627,Summer
DAT1892,2013,201306,20130628,Summer
DAT1893,2015,201503,20150311,Winter
DAT1894,2011,201112,20111227,Winter
DAT1895,2018,201812,20181231,Winter
DAT1896,2016,201612,20161231,Winter
DAT1897,2010,201009,20100923,Autumn
DAT1898,2008,200811,20081127,Autumn
DAT1899,2013,201301,20130106,Winter
DAT1900,2022,202206,20220608,Spring
DAT1901,2015,201504,20150417,Spring
DAT1902,2009,200912,20091211,Autumn
DAT1903,2015,201512,20151231,Winter
DAT1904,2011,201107,20110715,Summer
DAT1905,2015,201501,20150122,Winter
DAT1906,2007,200705,20070506,Spring
DAT1907,2015,201510,20151030,Autumn
DAT1908,2025,202504,20250409,Spring
DAT1909,2007,200709,20070911,Summer
DAT1910,2011,201108,20110802,Summer
DAT1911,2012,201203,20120321,Spring
DAT1912,2011,201104,20110410,Spring
DAT1913,2007,200705,20070527,Spring
DAT1914,2007,200709,20070904,Summer
DAT1915,2020,202004,20200401,Spring
DAT1916,2007,200706,20070630,Summer
DAT1917,2007,200710,20071014,Autumn
DAT1918,2013,201305,20130529,Spring
DAT1919,2016,201611,20161111,Autumn
DAT1920,2016,201610,20161012,Autumn
DAT1921,2014,201402,20140227,Winter
DAT1922,2016,201605,20160530,Spring
DAT1923,2015,201511,20151105,Autumn
DAT1924,2016,201607,20160713,Summer
DAT1925,2020,202002,20200204,Winter
DAT1926,2015,201512,20151207,Autumn
DAT1927,2016,201604,20160421,Spring
DAT1928,2015,201505,20150525,Spring
DAT1929,2015,201505,20150501,Spring
DAT1930,2015,201505,20150522,Spring
DAT1931,2014,201402,20140226,Winter
DAT1932,2016,201602,20160201,Winter
DAT1933,2012,201204,20120421,Spring
DAT1934,2014,201401,20140106,Winter
DAT1935,2012,201204,20120417,Spring
DAT1936,2012,201209,20120917,Summer
DAT1937,2024,202406,20240628,Summer
DAT1938,2012,201204,20120414,Spring
DAT1939,2014,201402,20140228,Winter
DAT1940,2015,201503,20150319,Winter
DAT1941,2012,201204,20120419,Spring
DAT1942,2011,201111,20111117,Autumn
DAT1943,2016,201607,20160718,Summer
DAT1944,2014,201401,20140124,Winter
DAT1945,2013,201304,20130403,Spring
DAT1946,2012,201210,20121009,Autumn
DAT1947,2013,201302,20130213,Winter
DAT1948,2014,201408,20140807,Summer
DAT1949,2022,202202,20220211,Winter
DAT1950,2012,201204,20120422,Spring
DAT1951,2012,201204,20120401,Spring
DAT1952,2012,201204,20120415,Spring
DAT1953,2020,202009,20200925,Autumn
DAT1954,2012,201205,20120517,Spring
DAT1955,2017,201706,20170607,Spring
DAT1956,2016,201607,20160714,Summer
DAT1957,2017,201708,20170825,Summer
DAT1958,2016,201610,20161013,Autumn
DAT1959,2016,201603,20160315,Winter
DAT1960,2021,202104,20210414,Spring
DAT1961,2017,201711,20171130,Autumn
DAT1962,2018,201810,20181004,Autumn
DAT1963,2025,202505,20250515,Spring
DAT1964,2021,202112,20211201,Autumn
DAT1965,2014,201410,20141006,Autumn
DAT1966,2015,201501,20150121,Winter
DAT1967,2014,201411,20141124,Autumn
DAT1968,2015,201502,20150213,Winter
DAT1969,2019,201902,20190220,Winter
DAT1970,2014,201403,20140314,Winter
DAT1971,2021,202111,20211130,Autumn
DAT1972,2022,202201,20220127,Winter
DAT1973,2010,201010,20101015,Autumn
DAT1974,2009,200902,20090204,Winter
DAT1975,2006,200602,20060226,Winter
DAT1976,2007,200702,20070226,Winter
DAT1977,2004,200404,20040414,Spring
DAT1978,2018,201809,20180926,Autumn
DAT1979,2004,200402,20040205,Winter
DAT1980,1999,199905,19990521,Spring
DAT1981,2024,202401,20240101,Winter
DAT1982,2010,201005,20100524,Spring
DAT1983,2010,201005,20100507,Spring
DAT1984,1998,199805,19980521,Spring
DAT1985,2011,201103,20110328,Spring
DAT1986,2004,200403,20040328,Spring
DAT1987,2016,201609,20160913,Summer
DAT1988,2017,201706,20170626,Summer
DAT1989,2017,201703,20170306,Winter
DAT1990,2016,201611,20161115,Autumn
DAT1991,2017,201702,20170201,Winter
DAT1992,2016,201611,20161129,Autumn
DAT1993,2016,201611,20161101,Autumn
DAT1994,2016,201606,20160626,Summer
DAT1995,2023,202310,20231018,Autumn
DAT1996,2012,201202,20120213,Winter
DAT1997,2020,202007,20200707,Summer
DAT1998,2015,201503,20150318,Winter
DAT1999,2015,201507,20150716,Summer
DAT2000,2020,202002,20200205,Winter
DAT2001,2012,201210,20121016,Autumn
DAT2002,2016,201607,20160717,Summer
DAT2003,2011,201111,20111122,Autumn
DAT2004,2013,201303,20130318,Winter
DAT2005,2015,201507,20150728,Summer
DAT2006,2020,202002,20200206,Winter
DAT2007,2011,201104,20110415,Spring
DAT2008,2016,201604,20160407,Spring
DAT2009,2008,200812,20081215,Autumn
DAT2010,2020,202005,20200525,Spring
DAT2011,2006,200604,20060414,Spring
DAT2012,2011,201110,20111027,Autumn
DAT2013,2008,200810,20081024,Autumn
DAT2014,2008,200806,20080610,Spring
DAT2015,2008,200805,20080507,Spring
DAT2016,2006,200608,20060805,Summer
DAT2017,2014,201407,20140725,Summer
DAT2018,2015,201505,20150514,Spring
DAT2019,2006,200604,20060418,Spring
DAT2020,2005,200508,20050801,Summer
DAT2021,2006,200606,20060602,Spring
DAT2022,2020,202003,20200326,Spring
DAT2023,2014,201405,20140523,Spring
DAT2024,2022,202206,20220602,Spring
DAT2025,2015,201509,20150920,Summer
DAT2026,2016,201604,20160418,Spring
DAT2027,2012,201211,20121125,Autumn
DAT2028,2013,201302,20130207,Winter
DAT2029,2010,201010,20101027,Autumn
DAT2030,2011,201110,20111028,Autumn
DAT2031,2014,201411,20141112,Autumn
DAT2032,2010,201012,20101228,Winter
DAT2033,2015,201510,20151006,Autumn
DAT2034,2016,201610,20161031,Autumn
DAT2035,2016,201610,20161019,Autumn
DAT2036,2017,201703,20170328,Spring
DAT2037,2016,201610,20161004,Autumn
DAT2038,2015,201505,20150530,Spring
DAT2039,2015,201509,20150919,Summer
DAT2040,2014,201411,20141111,Autumn
DAT2041,2015,201503,20150326,Spring
DAT2042,2016,201601,20160114,Winter
DAT2043,2020,202009,20200904,Summer
DAT2044,2014,201409,20140907,Summer
DAT2045,2014,201406,20140630,Summer
DAT2046,2015,201501,20150116,Winter
DAT2047,2015,201510,20151022,Autumn
DAT2048,2015,201501,20150105,Winter
DAT2049,2015,201502,20150206,Winter
DAT2050,2014,201408,20140827,Summer
DAT2051,2013,201302,20130204,Winter
DAT2052,2014,201405,20140531,Spring
DAT2053,2014,201401,20140105,Winter
DAT2054,2007,200702,20070207,Winter
DAT2055,2013,201306,20130621,Summer
DAT2056,2005,200502,20050201,Winter
DAT2057,2007,200701,20070122,Winter
DAT2058,2008,200811,20081124,Autumn
DAT2059,1996,199603,19960310,Winter
DAT2060,1994,199411,19941113,Autumn
DAT2061,1999,199901,19990121,Winter
DAT2062,2021,202106,20210606,Spring
DAT2063,2001,200103,20010302,Winter
DAT2064,2000,200003,20000302,Winter
DAT2065,1994,199402,19940212,Winter
DAT2066,1994,199408,19940802,Summer
DAT2067,1997,199701,19970121,Winter
DAT2068,1994,199405,19940512,Spring
DAT2069,1994,199402,19940211,Winter
DAT2070,1994,199403,19940310,Winter
DAT2071,1994,199405,19940516,Spring
DAT2072,1994,199406,19940604,Spring
DAT2073,1994,199402,19940202,Winter
DAT2074,1999,199907,19990719,Summer
DAT2075,2006,200601,20060127,Winter
DAT2076,2011,201105,20110503,Spring
DAT2077,2016,201608,20160805,Summer
DAT2078,2011,201104,20110412,Spring
DAT2079,2017,201702,20170214,Winter
DAT2080,2021,202112,20211216,Autumn
DAT2081,2017,201705,20170503,Spring
DAT2082,2011,201109,20110909,Summer
DAT2083,2014,201406,20140615,Spring
DAT2084,2023,202307,20230725,Summer
DAT2085,2019,201912,20191210,Autumn
DAT2086,2021,202107,20210716,Summer
DAT2087,2023,202312,20231223,Winter
DAT2088,2020,202010,20201001,Autumn
DAT2089,2021,202107,20210708,Summer
DAT2090,2019,201903,20190317,Winter
DAT2091,2023,202302,20230205,Winter
DAT2092,2023,202301,20230125,Winter
DAT2093,2023,202307,20230723,Summer
DAT2094,2022,202210,20221025,Autumn
DAT2095,2020,202008,20200802,Summer
DAT2096,2023,202306,20230610,Spring
DAT2097,2023,202305,20230522,Spring
DAT2098,2020,202003,20200331,Spring
DAT2099,2023,202312,20231225,Winter
DAT2100,2022,202201,20220118,Winter
DAT2101,2016,201611,20161122,Autumn
DAT2102,2016,201608,20160823,Summer
DAT2103,2016,201607,20160712,Summer
DAT2104,2016,201607,20160726,Summer
DAT2105,2016,201609,20160920,Summer
DAT2106,2020,202007,20200709,Summer
DAT2107,2018,201803,20180314,Winter
DAT2108,2020,202008,20200806,Summer
DAT2109,2020,202008,20200821,Summer
DAT2110,2012,201202,20120210,Winter
DAT2111,2021,202105,20210501,Spring
DAT2112,2012,201202,20120211,Winter
DAT2113,2021,202108,20210815,Summer
DAT2114,2017,201704,20170427,Spring
DAT2115,2017,201712,20171221,Winter
DAT2116,2018,201812,20181218,Autumn
DAT2117,2019,201901,20190104,Winter
DAT2118,2016,201605,20160501,Spring
DAT2119,2022,202203,20220315,Winter
DAT2120,2015,201512,20151228,Winter
DAT2121,2022,202205,20220511,Spring
DAT2122,2016,201602,20160203,Winter
DAT2123,2016,201605,20160523,Spring
DAT2124,2018,201807,20180711,Summer
DAT2125,2017,201701,20170112,Winter
DAT2126,2016,201610,20161015,Autumn
DAT2127,2022,202209,20220902,Summer
DAT2128,2014,201410,20141026,Autumn
DAT2129,2019,201907,20190705,Summer
DAT2130,2020,202005,20200523,Spring
DAT2131,2013,201312,20131224,Winter
DAT2132,2013,201304,20130402,Spring
DAT2133,2011,201102,20110201,Winter
DAT2134,2021,202110,20211001,Autumn
DAT2135,2016,201611,20161110,Autumn
DAT2136,2013,201303,20130321,Spring
DAT2137,2025,202504,20250428,Spring
DAT2138,2012,201202,20120215,Winter
DAT2139,2012,201202,20120223,Winter
DAT2140,2014,201406,20140605,Spring
DAT2141,2023,202306,20230626,Summer
DAT2142,2023,202307,20230706,Summer
DAT2143,2023,202312,20231229,Winter
DAT2144,2022,202210,20221003,Autumn
DAT2145,2017,201711,20171115,Autumn
DAT2146,2004,200412,20041223,Winter
DAT2147,2005,200511,20051109,Autumn
DAT2148,2004,200405,20040509,Spring
DAT2149,2007,200712,20071221,Winter
DAT2150,2004,200407,20040705,Summer
DAT2151,2018,201812,20181219,Autumn
DAT2152,2020,202003,20200323,Spring
DAT2153,2007,200711,20071127,Autumn
DAT2154,2008,200802,20080207,Winter
DAT2155,2007,200709,20070920,Summer
DAT2156,2007,200705,20070509,Spring
DAT2157,2004,200411,20041109,Autumn
DAT2158,2016,201608,20160825,Summer
DAT2159,2017,201702,20170220,Winter
DAT2160,2018,201811,20181128,Autumn
DAT2161,2023,202306,20230601,Spring
DAT2162,2025,202501,20250103,Winter
DAT2163,2022,202206,20220613,Spring
DAT2164,2015,201506,20150602,Spring
DAT2165,2005,200504,20050403,Spring
DAT2166,2007,200711,20071126,Autumn
DAT2167,2004,200404,20040418,Spring
DAT2168,2011,201112,20111221,Winter
DAT2169,2021,202101,20210126,Winter
DAT2170,2004,200404,20040404,Spring
DAT2171,2005,200504,20050419,Spring
DAT2172,2004,200410,20041013,Autumn
DAT2173,2004,200403,20040305,Winter
DAT2174,2004,200403,20040310,Winter
DAT2175,2004,200411,20041127,Autumn
DAT2176,2004,200407,20040708,Summer
DAT2177,2022,202202,20220213,Winter
DAT2178,2004,200406,20040609,Spring
DAT2179,2004,200405,20040510,Spring
DAT2180,1999,199912,19991206,Autumn
DAT2181,1999,199905,19990522,Spring
DAT2182,2013,201307,20130716,Summer
DAT2183,2015,201504,20150421,Spring
DAT2184,2018,201801,20180108,Winter
DAT2185,2018,201801,20180112,Winter
DAT2186,2017,201712,20171204,Autumn
DAT2187,2016,201605,20160527,Spring
DAT2188,2018,201810,20181022,Autumn
DAT2189,2016,201605,20160524,Spring
DAT2190,2016,201605,20160512,Spring
DAT2191,2020,202012,20201222,Winter
DAT2192,2023,202303,20230303,Winter
DAT2193,2013,201308,20130805,Summer
DAT2194,2020,202003,20200310,Winter
DAT2195,2023,202304,20230414,Spring
DAT2196,2018,201801,20180101,Winter
DAT2197,2023,202304,20230419,Spring
DAT2198,2024,202408,20240828,Summer
DAT2199,2019,201907,20190719,Summer
DAT2200,2019,201909,20190905,Summer
DAT2201,2023,202309,20230914,Summer
DAT2202,2020,202001,20200123,Winter
DAT2203,2018,201803,20180326,Spring
DAT2204,2021,202106,20210617,Spring
DAT2205,2019,201910,20191003,Autumn
DAT2206,2018,201802,20180219,Winter
DAT2207,2022,202206,20220601,Spring
DAT2208,2021,202112,20211217,Autumn
DAT2209,2019,201907,20190708,Summer
DAT2210,2019,201907,20190723,Summer
DAT2211,2024,202412,20241218,Autumn
DAT2212,2019,201903,20190328,Spring
DAT2213,2018,201810,20181001,Autumn
DAT2214,2018,201811,20181121,Autumn
DAT2215,2021,202105,20210513,Spring
DAT2216,2022,202209,20220927,Autumn
DAT2217,2022,202211,20221109,Autumn
DAT2218,2024,202412,20241217,Autumn
DAT2219,2017,201708,20170801,Summer
DAT2220,2020,202004,20200420,Spring
DAT2221,2022,202205,20220512,Spring
DAT2222,2022,202209,20220928,Autumn
DAT2223,2017,201701,20170124,Winter
DAT2224,2022,202208,20220804,Summer
DAT2225,2022,202204,20220428,Spring
DAT2226,2023,202309,20230926,Autumn
DAT2227,2019,201912,20191220,Autumn
DAT2228,2016,201606,20160622,Summer
DAT2229,2019,201910,20191005,Autumn
DAT2230,2016,201608,20160802,Summer
DAT2231,2017,201707,20170727,Summer
DAT2232,2014,201406,20140613,Spring
DAT2233,2014,201409,20140901,Summer
DAT2234,2015,201501,20150120,Winter
DAT2235,2014,201408,20140816,Summer
DAT2236,2015,201502,20150225,Winter
DAT2237,2016,201602,20160217,Winter
DAT2238,2012,201212,20121201,Autumn
DAT2239,2016,201612,20161206,Autumn
DAT2240,2009,200904,20090417,Spring
DAT2241,2013,201309,20130909,Summer
DAT2242,2012,201209,20120901,Summer
DAT2243,2012,201212,20121206,Autumn
DAT2244,2012,201212,20121211,Autumn
DAT2245,2011,201108,20110809,Summer
DAT2246,2010,201012,20101206,Autumn
DAT2247,2013,201312,20131210,Autumn
DAT2248,2010,201002,20100222,Winter
DAT2249,2012,201201,20120117,Winter
DAT2250,2017,201712,20171205,Autumn
DAT2251,2011,201109,20110905,Summer
DAT2252,2013,201310,20131025,Autumn
DAT2253,2013,201307,20130722,Summer
DAT2254,2014,201404,20140429,Spring
DAT2255,2012,201207,20120705,Summer
DAT2256,2018,201811,20181105,Autumn
DAT2257,2019,201903,20190326,Spring
DAT2258,2013,201301,20130124,Winter
DAT2259,2013,201307,20130723,Summer
DAT2260,2011,201111,20111114,Autumn
DAT2261,2012,201202,20120221,Winter
DAT2262,2011,201105,20110504,Spring
DAT2263,2012,201212,20121210,Autumn
DAT2264,2018,201812,20181230,Winter
DAT2265,2012,201202,20120224,Winter
DAT2266,2006,200609,20060915,Summer
DAT2267,2012,201202,20120208,Winter
DAT2268,2021,202105,20210518,Spring
DAT2269,2019,201906,20190626,Summer
DAT2270,2011,201106,20110602,Spring
DAT2271,2006,200608,20060822,Summer
DAT2272,2019,201912,20191215,Autumn
DAT2273,2006,200610,20061022,Autumn
DAT2274,2021,202106,20210619,Spring
DAT2275,2009,200909,20090920,Summer
DAT2276,2006,200603,20060320,Spring
DAT2277,2012,201212,20121209,Autumn
DAT2278,2011,201110,20111001,Autumn
DAT2279,2011,201111,20111104,Autumn
DAT2280,2011,201104,20110406,Spring
DAT2281,2024,202411,20241121,Autumn
DAT2282,2019,201912,20191212,Autumn
DAT2283,2006,200602,20060228,Winter
DAT2284,2015,201512,20151229,Winter
DAT2285,2011,201111,20111130,Autumn
DAT2286,2012,201203,20120330,Spring
DAT2287,2011,201103,20110302,Winter
DAT2288,2011,201103,20110331,Spring
DAT2289,2024,202404,20240418,Spring
DAT2290,2011,201101,20110124,Winter
DAT2291,2012,201210,20121029,Autumn
DAT2292,2017,201710,20171016,Autumn
DAT2293,2023,202310,20231026,Autumn
DAT2294,2016,201601,20160101,Winter
DAT2295,2011,201102,20110213,Winter
DAT2296,2013,201312,20131203,Autumn
DAT2297,2012,201205,20120507,Spring
DAT2298,2019,201904,20190427,Spring
DAT2299,2004,200405,20040519,Spring
DAT2300,2016,201603,20160311,Winter
DAT2301,2007,200706,20070622,Summer
DAT2302,2004,200411,20041101,Autumn
DAT2303,2021,202102,20210215,Winter
DAT2304,2012,201208,20120831,Summer
DAT2305,2014,201404,20140415,Spring
DAT2306,2016,201602,20160212,Winter
DAT2307,2012,201210,20121002,Autumn
DAT2308,2018,201812,20181213,Autumn
DAT2309,2011,201108,20110813,Summer
DAT2310,2008,200807,20080711,Summer
DAT2311,2007,200704,20070414,Spring
DAT2312,2004,200410,20041018,Autumn
DAT2313,2003,200310,20031002,Autumn
DAT2314,2014,201403,20140311,Winter
DAT2315,2016,201607,20160702,Summer
DAT2316,2004,200411,20041103,Autumn
DAT2317,2006,200607,20060721,Summer
DAT2318,2022,202206,20220616,Spring
DAT2319,2010,201001,20100127,Winter
DAT2320,2009,200912,20091201,Autumn
DAT2321,2013,201311,20131112,Autumn
DAT2322,2016,201607,20160701,Summer
DAT2323,2015,201507,20150714,Summer
DAT2324,2005,200510,20051002,Autumn
DAT2325,2010,201011,20101125,Autumn
DAT2326,2009,200912,20091213,Autumn
DAT2327,2011,201101,20110104,Winter
DAT2328,2011,201101,20110117,Winter
DAT2329,2004,200411,20041123,Autumn
DAT2330,2003,200305,20030501,Spring
DAT2331,2013,201301,20130118,Winter
DAT2332,2011,201101,20110125,Winter
DAT2333,2003,200306,20030625,Summer
DAT2334,2003,200310,20031025,Autumn
DAT2335,2012,201212,20121224,Winter
DAT2336,2003,200309,20030927,Autumn
DAT2337,2003,200304,20030410,Spring
DAT2338,2008,200808,20080830,Summer
DAT2339,2003,200308,20030816,Summer
DAT2340,2003,200310,20031028,Autumn
DAT2341,2003,200312,20031213,Autumn
DAT2342,2003,200301,20030129,Winter
DAT2343,2012,201204,20120413,Spring
DAT2344,2010,201006,20100601,Spring
DAT2345,2010,201005,20100514,Spring
DAT2346,2009,200904,20090407,Spring
DAT2347,2004,200405,20040501,Spring
DAT2348,2006,200609,20060918,Summer
DAT2349,2020,202011,20201111,Autumn
DAT2350,2013,201304,20130426,Spring
DAT2351,2009,200910,20091024,Autumn
DAT2352,2007,200707,20070707,Summer
DAT2353,2007,200710,20071002,Autumn
DAT2354,2011,201112,20111213,Autumn
DAT2355,2010,201002,20100202,Winter
DAT2356,2014,201403,20140305,Winter
DAT2357,2010,201006,20100614,Spring
DAT2358,2013,201303,20130327,Spring
DAT2359,2005,200504,20050401,Spring
DAT2360,2019,201906,20190604,Spring
DAT2361,2015,201503,20150324,Spring
DAT2362,2015,201504,20150415,Spring
DAT2363,2015,201505,20150503,Spring
DAT2364,2017,201706,20170612,Spring
DAT2365,2017,201709,20170905,Summer
DAT2366,2017,201707,20170725,Summer
DAT2367,2015,201503,20150305,Winter
DAT2368,2012,201205,20120504,Spring
DAT2369,2015,201509,20150915,Summer
DAT2370,2013,201306,20130617,Spring
DAT2371,2013,201303,20130305,Winter
DAT2372,2024,202409,20240918,Summer
DAT2373,2021,202105,20210526,Spring
DAT2374,2024,202409,20240921,Summer
DAT2375,2012,201209,20120921,Summer
DAT2376,2011,201102,20110205,Winter
DAT2377,2014,201409,20140930,Autumn
DAT2378,2021,202111,20211102,Autumn
DAT2379,2025,202502,20250215,Winter
DAT2380,2014,201409,20140917,Summer
DAT2381,2014,201409,20140929,Autumn
DAT2382,2011,201103,20110311,Winter
DAT2383,2011,201111,20111126,Autumn
DAT2384,2010,201004,20100416,Spring
DAT2385,2011,201105,20110526,Spring
DAT2386,2021,202111,20211110,Autumn
DAT2387,2013,201312,20131220,Autumn
DAT2388,2013,201311,20131125,Autumn
DAT2389,2007,200706,20070618,Spring
DAT2390,2007,200711,20071101,Autumn
DAT2391,2007,200711,20071107,Autumn
DAT2392,2007,200711,20071116,Autumn
DAT2393,2007,200703,20070306,Winter
DAT2394,2009,200911,20091126,Autumn
DAT2395,2010,201007,20100719,Summer
DAT2396,2024,202403,20240305,Winter
DAT2397,2014,201410,20141007,Autumn
DAT2398,2007,200703,20070301,Winter
DAT2399,2008,200803,20080307,Winter
DAT2400,2007,200703,20070318,Winter
DAT2401,2007,200706,20070610,Spring
DAT2402,2007,200705,20070531,Spring
DAT2403,2007,200709,20070909,Summer
DAT2404,2019,201910,20191031,Autumn
DAT2405,2016,201601,20160111,Winter
DAT2406,2011,201110,20111031,Autumn
DAT2407,2020,202001,20200130,Winter
DAT2408,2008,200804,20080418,Spring
DAT2409,2014,201405,20140509,Spring
DAT2410,2010,201007,20100713,Summer
DAT2411,2015,201501,20150110,Winter
DAT2412,2005,200506,20050622,Summer
DAT2413,2010,201007,20100709,Summer
DAT2414,2011,201106,20110619,Spring
DAT2415,2011,201110,20111025,Autumn
DAT2416,2008,200806,20080601,Spring
DAT2417,2010,201006,20100622,Summer
DAT2418,2005,200512,20051201,Autumn
DAT2419,2009,200912,20091224,Winter
DAT2420,2011,201108,20110808,Summer
DAT2421,2011,201108,20110815,Summer
DAT2422,2005,200510,20051001,Autumn
DAT2423,2011,201107,20110704,Summer
DAT2424,2005,200511,20051119,Autumn
DAT2425,2011,201107,20110718,Summer
DAT2426,2005,200512,20051213,Autumn
DAT2427,2015,201510,20151005,Autumn
DAT2428,2019,201910,20191029,Autumn
DAT2429,2014,201401,20140107,Winter
DAT2430,2015,201511,20151109,Autumn
