GroupFK,FeaturedArtistFK
GRP0001,ART0031
GRP0003,ART0059
GRP0005,ART0081
GRP0008,ART0022
GRP0073,ART0054
GRP0095,ART0102
GRP0116,ART0100
GRP0139,ART0084
GRP0152,ART0084
GRP0202,ART0087
GRP0205,ART0060
GRP0207,ART0022
GRP0208,ART0038
GRP0208,ART0057
GRP0213,ART0054
GRP0216,ART0054
GRP0216,ART0089
GRP0219,ART0033
GRP0220,ART0083
GRP0221,ART0058
GRP0225,ART0096
GRP0227,ART0019
GRP0237,ART0081
GRP0243,ART0092
GRP0244,ART0087
GRP0269,ART0054
GRP0306,ART0039
GRP0314,ART0059
GRP0330,ART0074
GRP0330,ART0087
GRP0334,ART0083
GRP0336,ART0096
GRP0337,ART0015
GRP0338,ART0097
GRP0339,ART0015
GRP0339,ART0089
GRP0342,ART0089
GRP0346,ART0055
GRP0347,ART0038
GRP0350,ART0089
GRP0355,ART0039
GRP0355,ART0092
GRP0357,ART0040
GRP0359,ART0028
GRP0361,ART0092
GRP0364,ART0099
GRP0366,ART0060
GRP0372,ART0039
GRP0375,ART0075
GRP0377,ART0028
GRP0378,ART0033
GRP0392,ART0033
GRP0415,ART0096
GRP0443,ART0028
GRP0502,ART0060
GRP0508,ART0060
GRP0509,ART0089
GRP0510,ART0040
GRP0514,ART0038
GRP0514,ART0087
GRP0515,ART0074
GRP0518,ART0033
GRP0521,ART0050
GRP0522,ART0074
GRP0525,ART0028
GRP0525,ART0050
GRP0527,ART0029
GRP0527,ART0050
GRP0528,ART0074
GRP0528,ART0038
GRP0529,ART0074
GRP0529,ART0033
GRP0529,ART0050
GRP0529,ART0038
GRP0530,ART0038
GRP0533,ART0087
GRP0541,ART0054
GRP0546,ART0017
GRP0549,ART0087
GRP0549,ART0050
GRP0560,ART0082
GRP0566,ART0048
GRP0582,ART0100
GRP0588,ART0101
GRP0588,ART0049
GRP0589,ART0057
GRP0605,ART0029
GRP0605,ART0038
GRP0610,ART0049
GRP0614,ART0022
GRP0624,ART0074
GRP0624,ART0049
GRP0631,ART0022
GRP0666,ART0094
GRP0695,ART0008
GRP0750,ART0029
GRP0793,ART0015
GRP0796,ART0089
GRP0798,ART0060
GRP0799,ART0060
GRP0800,ART0054
GRP0800,ART0087
GRP0801,ART0085
GRP0801,ART0055
GRP0804,ART0054
GRP0805,ART0089
GRP0806,ART0039
GRP0809,ART0013
GRP0810,ART0035
GRP0812,ART0055
GRP0812,ART0060
GRP0813,ART0060
GRP0820,ART0089
GRP0823,ART0038
GRP0823,ART0075
GRP0825,ART0015
GRP0827,ART0089
GRP0829,ART0031
GRP0830,ART0039
GRP0834,ART0075
GRP0836,ART0058
GRP0836,ART0060
GRP0837,ART0055
GRP0838,ART0099
GRP0842,ART0054
GRP0845,ART0060
GRP0847,ART0085
GRP0849,ART0055
GRP0855,ART0087
GRP0863,ART0089
GRP0863,ART0027
GRP0865,ART0061
GRP0866,ART0085
GRP0882,ART0099
GRP0886,ART0019
GRP0891,ART0060
GRP0891,ART0081
GRP0902,ART0039
GRP0913,ART0058
GRP0917,ART0092
GRP0918,ART0033
GRP0923,ART0058
GRP0931,ART0075
GRP0931,ART0060
GRP0934,ART0029
GRP0934,ART0030
GRP0934,ART0050
GRP0934,ART0060
GRP0935,ART0013
GRP0938,ART0031
GRP0946,ART0035
GRP0948,ART0050
GRP0949,ART0028
GRP0949,ART0101
GRP0952,ART0007
GRP0953,ART0030
GRP0958,ART0029
GRP0959,ART0040
GRP0959,ART0099
GRP0962,ART0034
GRP0964,ART0017
GRP0966,ART0031
GRP0966,ART0100
GRP0967,ART0100
GRP0970,ART0075
GRP0971,ART0050
GRP0976,ART0034
GRP0978,ART0028
GRP0979,ART0087
GRP0980,ART0060
GRP0985,ART0077
GRP0986,ART0060
GRP0988,ART0029
GRP0991,ART0099
GRP0994,ART0098
GRP0995,ART0060
GRP0999,ART0040
GRP0999,ART0031
GRP1001,ART0050
GRP1006,ART0048
GRP1008,ART0050
GRP1009,ART0006
GRP1010,ART0075
GRP1013,ART0060
GRP1013,ART0050
GRP1021,ART0013
GRP1024,ART0038
GRP1026,ART0008
GRP1026,ART0049
GRP1027,ART0049
GRP1029,ART0060
GRP1032,ART0060
GRP1034,ART0028
GRP1042,ART0101
GRP1043,ART0047
GRP1045,ART0030
GRP1045,ART0029
GRP1045,ART0060
GRP1045,ART0050
GRP1047,ART0013
GRP1056,ART0030
GRP1060,ART0100
GRP1065,ART0060
GRP1067,ART0026
GRP1077,ART0060
GRP1083,ART0030
GRP1090,ART0029
GRP1092,ART0060
GRP1104,ART0060
GRP1177,ART0028
GRP1179,ART0090
GRP1200,ART0089
GRP1200,ART0027
GRP1201,ART0040
GRP1223,ART0054
GRP1228,ART0089
GRP1229,ART0098
GRP1233,ART0092
GRP1237,ART0096
GRP1267,ART0058
GRP1268,ART0099
GRP1282,ART0099
GRP1284,ART0089
GRP1317,ART0087
GRP1320,ART0028
GRP1321,ART0056
GRP1340,ART0096
GRP1364,ART0002
GRP1373,ART0096
GRP1458,ART0101
GRP1478,ART0061
GRP1479,ART0089
GRP1493,ART0033
GRP1498,ART0096
GRP1505,ART0015
GRP1507,ART0039
GRP1538,ART0080
GRP1540,ART0014
GRP1575,ART0021
GRP1606,ART0008
GRP1635,ART0050
GRP1662,ART0057
GRP1664,ART0038
GRP1671,ART0014
GRP1681,ART0033
GRP1694,ART0087
GRP1695,ART0039
GRP1697,ART0082
GRP1702,ART0033
GRP1705,ART0056
GRP1711,ART0038
GRP1711,ART0057
GRP1713,ART0075
GRP1713,ART0060
GRP1714,ART0071
GRP1716,ART0082
GRP1717,ART0029
GRP1725,ART0060
GRP1725,ART0075
GRP1727,ART0055
GRP1727,ART0019
GRP1734,ART0082
GRP1736,ART0033
GRP1752,ART0029
GRP1764,ART0029
GRP1807,ART0060
GRP1808,ART0060
GRP1815,ART0075
GRP1819,ART0089
GRP1823,ART0060
GRP1834,ART0026
GRP1835,ART0060
GRP1836,ART0048
GRP1837,ART0060
GRP1839,ART0060
GRP1841,ART0029
GRP1845,ART0060
GRP1848,ART0026
GRP1866,ART0060
GRP1892,ART0048
GRP1896,ART0030
GRP1925,ART0030
GRP1933,ART0028
GRP1934,ART0101
GRP1954,ART0020
GRP1993,ART0054
GRP1993,ART0056
GRP2003,ART0060
GRP2005,ART0085
GRP2009,ART0087
GRP2012,ART0070
GRP2018,ART0060
GRP2026,ART0074
GRP2026,ART0087
GRP2032,ART0072
GRP2033,ART0072
GRP2042,ART0057
GRP2042,ART0038
GRP2055,ART0070
GRP2059,ART0060
GRP2063,ART0031
GRP2063,ART0081
GRP2069,ART0038
GRP2099,ART0058
GRP2109,ART0074
GRP2129,ART0017
GRP2134,ART0057
GRP2135,ART0072
GRP2144,ART0072
GRP2153,ART0075
GRP2167,ART0060
GRP2188,ART0077
GRP2197,ART0030
GRP2199,ART0060
GRP2199,ART0030
GRP2214,ART0041
GRP2243,ART0072
GRP2263,ART0048
GRP2264,ART0039
GRP2267,ART0017
GRP2271,ART0070
GRP2272,ART0028
GRP2272,ART0104
GRP2274,ART0002
GRP2275,ART0017
GRP2277,ART0055
GRP2278,ART0038
GRP2279,ART0038
GRP2283,ART0070
GRP2288,ART0039
GRP2296,ART0017
GRP2300,ART0057
GRP2300,ART0074
GRP2300,ART0038
GRP2306,ART0033
GRP2307,ART0055
GRP2314,ART0017
GRP2319,ART0017
GRP2325,ART0048
GRP2334,ART0075
GRP2340,ART0061
GRP2361,ART0029
GRP2366,ART0029
GRP2387,ART0052
GRP2417,ART0100
GRP2423,ART0067
GRP2432,ART0052
GRP2449,ART0052
GRP2474,ART0049
GRP2479,ART0041
GRP2511,ART0067
GRP2513,ART0096
GRP2526,ART0050
GRP2526,ART0028
GRP2530,ART0010
GRP2545,ART0078
GRP2545,ART0075
GRP2546,ART0071
GRP2553,ART0050
GRP2556,ART0038
GRP2558,ART0090
GRP2562,ART0090
GRP2590,ART0041
GRP2623,ART0033
GRP2628,ART0008
GRP2632,ART0067
GRP2632,ART0049
GRP2639,ART0065
GRP2645,ART0100
GRP2702,ART0085
GRP2703,ART0033
GRP2705,ART0054
GRP2710,ART0060
GRP2716,ART0085
GRP2718,ART0081
GRP2719,ART0075
GRP2719,ART0077
GRP2719,ART0098
GRP2725,ART0047
GRP2727,ART0098
GRP2728,ART0031
GRP2729,ART0028
GRP2730,ART0028
GRP2736,ART0075
GRP2736,ART0104
GRP2742,ART0087
GRP2746,ART0028
GRP2748,ART0048
GRP2750,ART0029
GRP2853,ART0041
GRP2861,ART0029
GRP2864,ART0049
GRP2869,ART0049
GRP2871,ART0065
GRP2881,ART0029
GRP2904,ART0039
GRP2906,ART0039
GRP2907,ART0054
GRP2908,ART0099
GRP2911,ART0096
GRP2912,ART0031
GRP2913,ART0097
GRP2914,ART0056
GRP2916,ART0087
GRP2918,ART0033
GRP2936,ART0084
GRP2955,ART0099
GRP2962,ART0015
GRP2972,ART0092
GRP2981,ART0054
GRP2985,ART0097
GRP3001,ART0015
GRP3005,ART0040
GRP3005,ART0085
GRP3049,ART0027
GRP3058,ART0060
GRP3062,ART0039
GRP3065,ART0060
GRP3065,ART0055
GRP3066,ART0060
GRP3069,ART0096
GRP3071,ART0054
GRP3071,ART0092
GRP3094,ART0060
GRP3094,ART0039
GRP3097,ART0097
GRP3097,ART0099
GRP3102,ART0096
GRP3130,ART0002
GRP3131,ART0015
GRP3145,ART0015
GRP3150,ART0040
GRP3159,ART0031
GRP3267,ART0017
GRP3267,ART0065
GRP3274,ART0065
GRP3362,ART0096
GRP3372,ART0042
GRP3373,ART0033
GRP3373,ART0082
GRP3397,ART0050
GRP3405,ART0061
GRP3416,ART0042
GRP3418,ART0070
GRP3433,ART0042
GRP3468,ART0042
GRP3528,ART0019
GRP3534,ART0075
GRP3537,ART0033
GRP3541,ART0038
GRP3546,ART0033
GRP3552,ART0035
GRP3558,ART0041
GRP3573,ART0082
GRP3744,ART0089
GRP3749,ART0015
GRP3754,ART0054
GRP3760,ART0040
GRP3761,ART0081
GRP3766,ART0081
GRP3766,ART0089
GRP3768,ART0089
GRP3775,ART0092
GRP3779,ART0031
GRP3781,ART0040
GRP3783,ART0061
GRP3801,ART0060
GRP3804,ART0038
GRP3804,ART0057
GRP3814,ART0039
GRP3816,ART0087
GRP3821,ART0015
GRP3822,ART0098
GRP3826,ART0081
GRP3828,ART0054
GRP3831,ART0099
GRP3840,ART0081
GRP4059,ART0089
GRP4060,ART0096
GRP4061,ART0054
GRP4066,ART0054
GRP4066,ART0015
GRP4069,ART0089
GRP4069,ART0039
GRP4072,ART0096
GRP4074,ART0039
GRP4082,ART0089
GRP4085,ART0015
GRP4090,ART0085
GRP4092,ART0040
GRP4097,ART0033
GRP4099,ART0049
GRP4099,ART0054
GRP4101,ART0054
GRP4104,ART0033
GRP4105,ART0074
GRP4106,ART0038
GRP4108,ART0049
GRP4108,ART0038
GRP4110,ART0041
GRP4114,ART0100
GRP4119,ART0074
GRP4122,ART0087
GRP4126,ART0053
GRP4133,ART0074
GRP4134,ART0028
GRP4140,ART0018
GRP4140,ART0067
GRP4143,ART0057
GRP4146,ART0101
GRP4147,ART0049
GRP4147,ART0067
GRP4178,ART0026
GRP4179,ART0029
GRP4188,ART0067
GRP4191,ART0067
GRP4194,ART0041
GRP4196,ART0049
GRP4199,ART0067
GRP4202,ART0049
GRP4209,ART0065
GRP4212,ART0041
GRP4218,ART0067
GRP4221,ART0067
GRP4235,ART0067
GRP4238,ART0006
GRP4252,ART0067
GRP4258,ART0007
GRP4259,ART0049
GRP4268,ART0100
GRP4298,ART0041
GRP4303,ART0065
GRP4311,ART0033
GRP4334,ART0049
GRP4339,ART0049
GRP4352,ART0006
GRP4365,ART0049
GRP4367,ART0029
GRP4370,ART0049
GRP4387,ART0087
GRP4390,ART0097
GRP4416,ART0060
GRP4426,ART0056
GRP4428,ART0099
GRP4433,ART0039
GRP4436,ART0055
GRP4439,ART0089
GRP4461,ART0031
GRP4487,ART0038
GRP4487,ART0057
GRP4488,ART0056
GRP4493,ART0071
GRP4494,ART0055
GRP4496,ART0049
GRP4496,ART0017
GRP4496,ART0054
GRP4498,ART0075
GRP4498,ART0087
GRP4503,ART0061
GRP4509,ART0087
GRP4512,ART0017
GRP4513,ART0022
GRP4516,ART0052
GRP4518,ART0028
GRP4542,ART0071
GRP4561,ART0030
GRP4567,ART0017
GRP4570,ART0101
GRP4582,ART0028
GRP4592,ART0052
GRP4626,ART0089
GRP4628,ART0081
GRP4629,ART0081
GRP4636,ART0033
GRP4638,ART0031
GRP4679,ART0047
GRP4687,ART0033
GRP4693,ART0093
GRP4718,ART0075
GRP4728,ART0071
GRP4737,ART0050
GRP4749,ART0050
GRP4768,ART0047
GRP4775,ART0049
GRP4776,ART0067
GRP4786,ART0028
GRP4806,ART0049
GRP4835,ART0030
GRP4845,ART0028
GRP4846,ART0030
GRP4853,ART0072
GRP4868,ART0029
GRP4875,ART0072
GRP4879,ART0028
GRP4894,ART0006
GRP4907,ART0006
GRP4913,ART0030
GRP4919,ART0013
GRP4944,ART0006
GRP4981,ART0017
GRP4983,ART0028
GRP5007,ART0074
GRP5065,ART0053
GRP5065,ART0079
GRP5065,ART0086
GRP5082,ART0055
GRP5083,ART0079
GRP5091,ART0058
GRP5130,ART0010
GRP5169,ART0039
GRP5171,ART0089
GRP5177,ART0060
GRP5181,ART0092
GRP5181,ART0098
GRP5184,ART0007
GRP5188,ART0089
GRP5206,ART0031
GRP5213,ART0028
GRP5215,ART0085
GRP5216,ART0060
GRP5219,ART0039
GRP5228,ART0056
GRP5229,ART0075
GRP5232,ART0002
GRP5233,ART0060
GRP5234,ART0092
GRP5238,ART0099
GRP5247,ART0099
GRP5253,ART0060
GRP5257,ART0018
GRP5259,ART0017
GRP5274,ART0060
GRP5279,ART0096
GRP5281,ART0038
GRP5287,ART0048
GRP5312,ART0038
GRP5320,ART0037
GRP5336,ART0029
GRP5337,ART0011
GRP5352,ART0096
GRP5352,ART0081
GRP5360,ART0066
GRP5360,ART0034
GRP5405,ART0061
GRP5405,ART0050
GRP5411,ART0081
GRP5451,ART0041
GRP5465,ART0048
GRP5473,ART0033
GRP5479,ART0048
GRP5534,ART0026
GRP5540,ART0094
GRP5557,ART0089
GRP5558,ART0060
GRP5563,ART0054
GRP5568,ART0089
GRP5576,ART0055
GRP5577,ART0054
GRP5579,ART0028
GRP5581,ART0092
GRP5582,ART0104
GRP5583,ART0055
GRP5594,ART0085
GRP5596,ART0086
GRP5597,ART0092
GRP5642,ART0055
GRP5643,ART0055
GRP5644,ART0092
GRP5669,ART0074
GRP5671,ART0037
GRP5679,ART0102
GRP5679,ART0037
GRP5697,ART0048
GRP5699,ART0057
GRP5704,ART0042
GRP5709,ART0057
GRP5713,ART0048
GRP5731,ART0022
GRP5731,ART0071
GRP5766,ART0015
GRP5767,ART0061
GRP5770,ART0054
GRP5771,ART0033
GRP5771,ART0087
GRP5773,ART0054
GRP5775,ART0096
GRP5776,ART0060
GRP5777,ART0054
GRP5784,ART0002
GRP5787,ART0038
GRP5790,ART0038
GRP5790,ART0057
GRP5795,ART0089
GRP5797,ART0054
GRP5798,ART0050
GRP5800,ART0056
GRP5801,ART0039
GRP5802,ART0050
GRP5803,ART0061
GRP5809,ART0070
GRP5810,ART0038
GRP5816,ART0015
GRP5821,ART0019
GRP5826,ART0031
GRP5829,ART0031
GRP5829,ART0019
GRP5834,ART0033
GRP5837,ART0085
GRP5838,ART0050
GRP5840,ART0081
GRP5842,ART0054
GRP5844,ART0087
GRP5849,ART0048
GRP5852,ART0054
GRP5861,ART0039
GRP5871,ART0050
GRP5872,ART0101
GRP5873,ART0060
GRP5873,ART0048
GRP5873,ART0018
GRP5874,ART0015
GRP5874,ART0050
GRP5876,ART0060
GRP5877,ART0030
GRP5878,ART0017
GRP5879,ART0055
GRP5880,ART0061
GRP5881,ART0087
GRP5888,ART0054
GRP5889,ART0054
GRP5899,ART0038
GRP5900,ART0050
GRP5912,ART0033
GRP5914,ART0034
GRP5921,ART0008
GRP5922,ART0061
GRP5926,ART0087
GRP5929,ART0029
GRP5931,ART0029
GRP5933,ART0101
GRP5945,ART0034
GRP5951,ART0100
GRP5954,ART0055
GRP5956,ART0008
GRP5959,ART0030
GRP5964,ART0037
GRP5966,ART0008
GRP5969,ART0029
GRP5973,ART0029
GRP5983,ART0049
GRP5995,ART0034
GRP6001,ART0034
GRP6040,ART0050
GRP6051,ART0060
GRP6051,ART0050
GRP6054,ART0070
GRP6055,ART0050
GRP6061,ART0034
GRP6064,ART0018
GRP6075,ART0042
GRP6101,ART0060
GRP6107,ART0065
GRP6110,ART0050
GRP6117,ART0042
GRP6197,ART0029
GRP6202,ART0100
GRP6228,ART0026
GRP6237,ART0050
GRP6279,ART0014
GRP6280,ART0014
GRP6287,ART0017
GRP6293,ART0048
GRP6313,ART0029
GRP6316,ART0017
GRP6365,ART0050
GRP6368,ART0101
GRP6370,ART0037
GRP6374,ART0033
GRP6377,ART0033
GRP6387,ART0060
GRP6388,ART0029
GRP6389,ART0028
GRP6406,ART0029
GRP6408,ART0050
GRP6420,ART0033
GRP6422,ART0028
GRP6429,ART0029
GRP6461,ART0029
GRP6489,ART0096
GRP6489,ART0081
GRP6489,ART0054
GRP6498,ART0033
GRP6499,ART0081
GRP6503,ART0092
GRP6505,ART0056
GRP6514,ART0055
GRP6518,ART0074
GRP6523,ART0096
GRP6539,ART0039
GRP6542,ART0054
GRP6550,ART0087
GRP6558,ART0081
GRP6561,ART0089
GRP6568,ART0033
GRP6573,ART0089
GRP6582,ART0040
GRP6586,ART0033
GRP6586,ART0050
GRP6586,ART0075
GRP6586,ART0060
GRP6586,ART0048
GRP6587,ART0028
GRP6589,ART0060
GRP6590,ART0050
GRP6590,ART0060
GRP6591,ART0056
GRP6591,ART0022
GRP6592,ART0050
GRP6592,ART0092
GRP6593,ART0013
GRP6594,ART0031
GRP6594,ART0085
GRP6596,ART0061
GRP6597,ART0060
GRP6598,ART0050
GRP6599,ART0049
GRP6600,ART0073
GRP6600,ART0028
GRP6604,ART0031
GRP6605,ART0055
GRP6606,ART0048
GRP6608,ART0008
GRP6609,ART0031
GRP6610,ART0050
GRP6611,ART0038
GRP6611,ART0034
GRP6612,ART0050
GRP6613,ART0033
GRP6615,ART0028
GRP6618,ART0028
GRP6618,ART0029
GRP6621,ART0052
GRP6621,ART0101
GRP6625,ART0030
GRP6625,ART0013
GRP6635,ART0048
GRP6637,ART0100
GRP6646,ART0033
GRP6649,ART0033
GRP6655,ART0033
GRP6656,ART0033
GRP6657,ART0033
GRP6662,ART0033
GRP6670,ART0049
GRP6679,ART0033
GRP6692,ART0033
GRP6699,ART0033
GRP6716,ART0033
GRP6717,ART0033
GRP6721,ART0033
GRP6818,ART0083
GRP6820,ART0092
GRP6821,ART0099
GRP6826,ART0084
GRP6833,ART0024
GRP6842,ART0009
GRP6854,ART0099
GRP6866,ART0028
GRP6871,ART0098
GRP7005,ART0003
GRP7032,ART0019
GRP7036,ART0002
GRP7039,ART0097
GRP7041,ART0087
GRP7043,ART0013
GRP7046,ART0074
GRP7047,ART0057
GRP7050,ART0057
GRP7053,ART0060
GRP7054,ART0055
GRP7056,ART0057
GRP7057,ART0057
GRP7058,ART0057
GRP7064,ART0057
GRP7064,ART0074
GRP7067,ART0028
GRP7067,ART0039
GRP7069,ART0057
GRP7070,ART0008
GRP7070,ART0067
GRP7083,ART0079
GRP7085,ART0033
GRP7087,ART0058
GRP7089,ART0057
GRP7090,ART0079
GRP7091,ART0002
GRP7093,ART0096
GRP7099,ART0029
GRP7105,ART0033
GRP7106,ART0079
GRP7123,ART0019
GRP7123,ART0060
GRP7125,ART0057
GRP7126,ART0057
GRP7128,ART0002
GRP7135,ART0057
GRP7141,ART0028
GRP7149,ART0079
GRP7151,ART0087
GRP7153,ART0019
GRP7155,ART0017
GRP7155,ART0029
GRP7155,ART0049
GRP7156,ART0050
GRP7158,ART0075
GRP7162,ART0033
GRP7172,ART0013
GRP7172,ART0055
GRP7182,ART0028
GRP7195,ART0002
GRP7195,ART0049
GRP7200,ART0089
GRP7201,ART0070
GRP7202,ART0029
GRP7202,ART0052
GRP7204,ART0017
GRP7220,ART0057
GRP7236,ART0061
GRP7241,ART0002
GRP7241,ART0017
GRP7244,ART0033
GRP7246,ART0029
GRP7250,ART0057
GRP7251,ART0028
GRP7271,ART0049
GRP7276,ART0019
GRP7277,ART0104
GRP7282,ART0029
GRP7282,ART0071
GRP7288,ART0029
GRP7290,ART0050
GRP7311,ART0049
GRP7314,ART0029
GRP7314,ART0008
GRP7317,ART0049
GRP7332,ART0057
GRP7335,ART0029
GRP7336,ART0019
GRP7364,ART0089
GRP7367,ART0015
GRP7368,ART0096
GRP7369,ART0054
GRP7370,ART0089
GRP7371,ART0099
GRP7373,ART0055
GRP7384,ART0098
GRP7394,ART0015
GRP7396,ART0096
GRP7412,ART0099
GRP7417,ART0098
GRP7448,ART0098
GRP7461,ART0044
GRP7461,ART0054
GRP7462,ART0022
GRP7463,ART0087
GRP7464,ART0084
GRP7465,ART0015
GRP7466,ART0054
GRP7467,ART0019
GRP7468,ART0054
GRP7468,ART0056
GRP7468,ART0061
GRP7469,ART0057
GRP7470,ART0074
GRP7470,ART0033
GRP7470,ART0050
GRP7471,ART0044
GRP7471,ART0092
GRP7472,ART0049
GRP7472,ART0022
GRP7475,ART0044
GRP7477,ART0057
GRP7477,ART0008
GRP7478,ART0087
GRP7480,ART0038
GRP7482,ART0087
GRP7484,ART0057
GRP7485,ART0049
GRP7486,ART0074
GRP7487,ART0002
GRP7488,ART0071
GRP7491,ART0049
GRP7492,ART0087
GRP7498,ART0087
GRP7502,ART0022
GRP7508,ART0044
GRP7512,ART0092
GRP7516,ART0035
GRP7516,ART0015
GRP7529,ART0092
GRP7537,ART0035
GRP7667,ART0027
GRP7683,ART0027
GRP7687,ART0038
GRP7698,ART0071
GRP7699,ART0017
GRP7710,ART0029
GRP7711,ART0100
GRP7728,ART0100
GRP7731,ART0087
GRP7732,ART0087
GRP7738,ART0055
GRP7738,ART0015
GRP7746,ART0002
GRP7753,ART0029
GRP7753,ART0049
GRP7755,ART0081
GRP7757,ART0019
GRP7759,ART0089
GRP7759,ART0055
GRP7763,ART0101
GRP7770,ART0039
GRP7776,ART0015
GRP7787,ART0019
GRP7818,ART0033
GRP7827,ART0060
GRP7834,ART0018
GRP7838,ART0061
GRP7840,ART0060
GRP7853,ART0033
GRP7861,ART0047
GRP7899,ART0054
GRP7899,ART0050
GRP7900,ART0087
GRP7901,ART0057
GRP7903,ART0022
GRP7904,ART0074
GRP7905,ART0057
GRP7905,ART0038
GRP7906,ART0022
GRP7912,ART0075
GRP7914,ART0074
GRP7920,ART0029
GRP7920,ART0071
GRP7924,ART0038
GRP7928,ART0061
GRP7930,ART0087
GRP7939,ART0008
GRP7941,ART0057
GRP7941,ART0038
GRP7950,ART0028
GRP7956,ART0101
GRP7964,ART0008
GRP7968,ART0057
GRP7973,ART0057
GRP7978,ART0052
GRP7998,ART0052
GRP8021,ART0038
GRP8035,ART0087
GRP8035,ART0061
GRP8055,ART0038
GRP8067,ART0075
GRP8077,ART0070
GRP8087,ART0038
GRP8105,ART0035
GRP8106,ART0057
GRP8150,ART0060
GRP8151,ART0038
GRP8152,ART0100
GRP8154,ART0039
GRP8154,ART0019
GRP8155,ART0100
GRP8156,ART0048
GRP8157,ART0013
GRP8170,ART0100
GRP8189,ART0038
GRP8193,ART0019
GRP8194,ART0079
GRP8197,ART0038
GRP8200,ART0038
GRP8203,ART0033
GRP8206,ART0074
GRP8208,ART0079
GRP8222,ART0028
GRP8229,ART0079
GRP8234,ART0055
GRP8234,ART0038
GRP8239,ART0039
GRP8240,ART0061
GRP8243,ART0038
GRP8247,ART0055
GRP8248,ART0079
GRP8250,ART0002
GRP8254,ART0038
GRP8255,ART0104
GRP8256,ART0050
GRP8259,ART0029
GRP8261,ART0049
GRP8262,ART0038
GRP8266,ART0097
GRP8292,ART0050
GRP8293,ART0038
GRP8311,ART0029
GRP8315,ART0049
GRP8331,ART0013
GRP8333,ART0034
GRP8348,ART0079
GRP8360,ART0038
GRP8367,ART0060
GRP8368,ART0019
GRP8372,ART0038
GRP8379,ART0037
GRP8382,ART0017
GRP8382,ART0082
GRP8386,ART0019
GRP8392,ART0040
GRP8392,ART0038
GRP8406,ART0038
GRP8412,ART0060
GRP8413,ART0038
GRP8417,ART0061
GRP8421,ART0019
GRP8424,ART0015
GRP8436,ART0075
GRP8443,ART0085
GRP8446,ART0087
GRP8446,ART0038
GRP8457,ART0038
GRP8550,ART0019
GRP8555,ART0060
GRP8558,ART0096
GRP8559,ART0096
GRP8562,ART0031
GRP8566,ART0031
GRP8568,ART0089
GRP8572,ART0075
GRP8580,ART0089
GRP8587,ART0040
GRP8598,ART0086
GRP8615,ART0054
GRP8618,ART0096
GRP8620,ART0096
GRP8629,ART0031
GRP8630,ART0031
GRP8631,ART0056
GRP8657,ART0089
GRP8658,ART0031
GRP8663,ART0086
GRP8670,ART0019
GRP8670,ART0038
GRP8672,ART0057
GRP8675,ART0060
GRP8679,ART0019
GRP8685,ART0052
GRP8692,ART0033
GRP8693,ART0020
GRP8703,ART0078
GRP8712,ART0100
GRP8727,ART0100
GRP8757,ART0102
GRP8771,ART0078
GRP8776,ART0047
GRP8795,ART0059
GRP8801,ART0031
GRP8817,ART0074
GRP8827,ART0059
GRP8852,ART0071
GRP8984,ART0089
GRP8986,ART0089
GRP8994,ART0054
GRP8994,ART0087
GRP8998,ART0096
GRP9000,ART0059
GRP9002,ART0027
GRP9003,ART0015
GRP9027,ART0015
GRP9030,ART0096
GRP9046,ART0089
GRP9048,ART0039
GRP9055,ART0061
GRP9068,ART0059
GRP9083,ART0055
GRP9101,ART0015
GRP9136,ART0078
GRP9144,ART0078
GRP9189,ART0060
GRP9191,ART0033
GRP9196,ART0055
GRP9198,ART0050
GRP9201,ART0028
GRP9204,ART0058
GRP9208,ART0019
GRP9209,ART0008
GRP9222,ART0072
GRP9222,ART0033
GRP9227,ART0008
GRP9230,ART0072
GRP9265,ART0033
GRP9266,ART0071
GRP9269,ART0048
GRP9271,ART0100
GRP9276,ART0048
GRP9279,ART0048
GRP9279,ART0050
GRP9280,ART0033
GRP9282,ART0047
GRP9288,ART0017
GRP9289,ART0048
GRP9297,ART0013
GRP9303,ART0047
GRP9308,ART0101
GRP9311,ART0100
GRP9317,ART0091
GRP9322,ART0073
GRP9324,ART0098
GRP9324,ART0097
GRP9326,ART0054
GRP9332,ART0089
GRP9335,ART0054
GRP9338,ART0099
GRP9341,ART0015
GRP9344,ART0059
GRP9346,ART0083
GRP9361,ART0092
GRP9369,ART0098
GRP9376,ART0098
GRP9420,ART0099
GRP9455,ART0054
GRP9455,ART0074
GRP9455,ART0044
GRP9455,ART0049
GRP9457,ART0087
GRP9458,ART0050
GRP9464,ART0054
GRP9466,ART0038
GRP9469,ART0057
GRP9473,ART0097
GRP9475,ART0049
GRP9476,ART0033
GRP9478,ART0057
GRP9482,ART0049
GRP9486,ART0049
GRP9488,ART0074
GRP9489,ART0091
GRP9490,ART0092
GRP9500,ART0039
GRP9513,ART0049
GRP9527,ART0029
GRP9527,ART0071
GRP9532,ART0104
GRP9561,ART0028
GRP9564,ART0052
GRP9568,ART0038
GRP9586,ART0087
GRP9587,ART0074
GRP9613,ART0054
GRP9613,ART0022
GRP9613,ART0074
GRP9615,ART0074
GRP9616,ART0038
GRP9616,ART0057
GRP9618,ART0033
GRP9619,ART0038
GRP9619,ART0057
GRP9623,ART0075
GRP9625,ART0085
GRP9626,ART0060
GRP9630,ART0094
GRP9630,ART0044
GRP9632,ART0089
GRP9637,ART0060
GRP9642,ART0019
GRP9658,ART0074
GRP9660,ART0074
GRP9665,ART0019
GRP9665,ART0035
GRP9672,ART0075
GRP9686,ART0094
GRP9688,ART0054
GRP9718,ART0029
GRP9727,ART0038
GRP9731,ART0044
GRP9746,ART0094
GRP9761,ART0094
GRP9786,ART0044
GRP9790,ART0044
GRP9796,ART0002
GRP9800,ART0057
GRP9805,ART0038
GRP9806,ART0038
GRP9830,ART0048
GRP9836,ART0019
GRP9836,ART0028
GRP9838,ART0067
GRP9904,ART0097
GRP9904,ART0038
GRP9907,ART0087
GRP9912,ART0057
GRP9913,ART0054
GRP9918,ART0054
GRP9920,ART0049
GRP9922,ART0033
GRP9933,ART0033
GRP9934,ART0022
GRP9938,ART0022
GRP9940,ART0084
GRP9942,ART0025
GRP9950,ART0056
GRP9951,ART0050
GRP9951,ART0057
GRP9960,ART0031
GRP9983,ART0094
GRP9993,ART0028
GRP9994,ART0089
GRP9996,ART0060
GRP9997,ART0098
GRP9999,ART0015
GRP10000,ART0097
GRP10001,ART0089
GRP10011,ART0067
GRP10013,ART0039
GRP10016,ART0096
GRP10018,ART0089
GRP10024,ART0054
GRP10042,ART0096
GRP10044,ART0039
GRP10048,ART0039
GRP10057,ART0055
GRP10077,ART0071
GRP10097,ART0056
GRP10099,ART0098
GRP10113,ART0039
GRP10129,ART0098
GRP10131,ART0054
GRP10133,ART0054
GRP10146,ART0071
GRP10161,ART0048
GRP10161,ART0034
GRP10161,ART0007
GRP10161,ART0082
GRP10161,ART0028
GRP10161,ART0038
GRP10163,ART0038
GRP10166,ART0057
GRP10173,ART0030
GRP10278,ART0048
GRP10308,ART0030
GRP10357,ART0033
GRP10377,ART0008
GRP10382,ART0033
GRP10390,ART0085
GRP10397,ART0038
GRP10399,ART0041
GRP10403,ART0014
GRP10409,ART0008
GRP10414,ART0038
GRP10427,ART0017
GRP10428,ART0071
GRP10430,ART0028
GRP10441,ART0014
GRP10446,ART0008
GRP10457,ART0048
GRP10459,ART0100
GRP10466,ART0048
GRP10473,ART0008
GRP10477,ART0008
GRP10481,ART0101
GRP10509,ART0049
GRP10517,ART0072
GRP10524,ART0049
GRP10544,ART0021
GRP10553,ART0049
GRP10555,ART0049
GRP10556,ART0029
GRP10564,ART0034
GRP10578,ART0049
GRP10588,ART0072
GRP10614,ART0029
GRP10689,ART0008
GRP10706,ART0054
GRP10706,ART0099
GRP10712,ART0060
GRP10713,ART0029
GRP10713,ART0091
GRP10719,ART0085
GRP10725,ART0002
GRP10728,ART0055
GRP10729,ART0085
GRP10733,ART0007
GRP10736,ART0028
GRP10749,ART0028
GRP10750,ART0091
GRP10755,ART0084
GRP10764,ART0002
GRP10775,ART0057
GRP10806,ART0073
GRP10809,ART0028
GRP10810,ART0096
GRP10811,ART0024
GRP10820,ART0096
GRP10832,ART0028
GRP10839,ART0048
GRP10847,ART0060
GRP10849,ART0038
GRP10851,ART0087
GRP10894,ART0050
GRP10910,ART0048
GRP10912,ART0012
GRP10912,ART0037
GRP10917,ART0040
GRP10931,ART0048
GRP10935,ART0080
GRP10936,ART0028
GRP10946,ART0030
GRP10954,ART0065
GRP10961,ART0013
GRP10975,ART0083
GRP10985,ART0097
GRP10985,ART0089
GRP10989,ART0061
GRP10990,ART0056
GRP10991,ART0019
GRP10992,ART0054
GRP10992,ART0055
GRP10999,ART0055
GRP11001,ART0087
GRP11001,ART0019
GRP11014,ART0089
GRP11015,ART0058
GRP11032,ART0081
GRP11044,ART0080
GRP11046,ART0055
GRP11049,ART0002
GRP11058,ART0087
GRP11077,ART0028
GRP11085,ART0033
GRP11088,ART0033
GRP11090,ART0033
GRP11091,ART0033
GRP11092,ART0030
GRP11093,ART0055
GRP11096,ART0070
GRP11098,ART0048
GRP11104,ART0050
GRP11104,ART0033
GRP11105,ART0087
GRP11113,ART0075
GRP11117,ART0048
GRP11129,ART0050
GRP11130,ART0050
GRP11133,ART0028
GRP11136,ART0050
GRP11138,ART0033
GRP11139,ART0030
GRP11139,ART0034
GRP11140,ART0047
